Age,Gender,Blood Pressure,Heart Rate,Cholesterol Level,Blood Sugar,BMI,Smoking Habit,Alcohol Consumption,Physical Activity,Family History,Chest Pain,Fatigue,Fever,Cough,Breathing Difficulty,Headache,Nausea,Glucose Level,Insulin Level,Symptom Severity,Disease Label
69,Female,97.0,61.0,204.0,0,32.6,Current,None,Medium,0,1,0,0,0,0,0,0,141.9,22.8,7,Diabetes
32,Male,131.0,62.0,157.0,0,31.9,Current,Moderate,Medium,1,0,0,1,0,0,0,0,106.4,14.4,9,Heart Disease
89,Female,136.0,78.0,193.0,1,19.7,Former,None,High,0,0,0,0,0,0,1,0,61.4,18.1,2,Healthy
78,Male,112.0,54.0,216.0,0,32.4,Current,None,High,1,1,0,1,1,0,1,0,140.6,16.5,4,Diabetes
38,Male,112.0,85.0,214.0,0,24.4,Never,High,Medium,0,0,0,0,0,0,0,0,60.0,19.4,2,Healthy
41,Female,125.0,73.0,220.0,1,29.0,Current,None,Low,0,1,0,0,1,0,0,0,63.6,12.5,9,Healthy
20,Female,112.0,107.0,212.0,0,21.5,Current,High,Medium,0,0,0,0,0,0,0,1,104.6,10.2,0,Healthy
39,Female,119.0,98.0,180.0,0,26.7,Current,None,Medium,1,0,1,0,0,0,0,0,117.6,6.8,9,Heart Disease
70,Female,158.0,73.0,179.0,0,27.6,Never,None,High,0,0,1,1,0,0,0,0,122.7,2.0,4,Healthy
19,Female,116.0,74.0,152.0,1,18.6,Never,Moderate,Low,0,0,0,0,0,0,0,0,108.0,3.8,7,Healthy
47,Male,114.0,85.0,271.0,0,29.0,Never,Moderate,Low,0,0,1,1,1,0,0,0,162.8,11.3,4,Healthy
55,Female,108.0,92.0,201.0,1,32.7,Never,Moderate,Medium,0,0,0,0,0,0,1,0,112.0,2.0,3,Diabetes
19,Female,133.0,59.0,191.0,0,25.1,Current,Moderate,Medium,0,0,1,0,0,0,0,1,141.0,2.0,8,Healthy
81,Female,117.0,57.0,163.0,0,32.8,Never,Moderate,Low,0,0,0,0,1,0,0,1,133.6,25.4,0,Diabetes
77,Male,108.0,69.0,317.0,1,25.1,Never,None,Medium,1,0,0,0,0,0,0,0,71.2,17.2,4,Heart Disease
38,Female,144.0,81.0,157.0,0,30.2,Former,None,Medium,0,0,0,0,0,0,0,0,104.9,10.5,0,Healthy
50,Male,146.0,80.0,183.0,0,15.0,Never,None,High,0,0,0,1,0,1,0,0,173.7,37.7,5,Diabetes
75,Male,109.0,86.0,217.0,0,38.1,Never,Moderate,Medium,0,0,1,0,0,0,0,0,94.9,2.0,9,Healthy
39,Male,86.0,63.0,224.0,1,33.5,Never,None,Low,0,0,0,0,1,0,1,0,89.8,24.8,8,Diabetes
66,Male,138.0,52.0,238.0,0,24.6,Former,None,Low,0,0,0,1,0,0,0,0,115.1,13.9,1,Healthy
76,Female,108.0,84.0,272.0,0,16.1,Never,None,Low,1,0,0,0,0,0,0,0,95.9,22.9,3,Heart Disease
59,Female,134.0,67.0,220.0,0,27.4,Current,None,Medium,0,0,0,0,0,0,1,0,86.2,16.1,7,Healthy
77,Female,85.0,55.0,158.0,1,18.8,Never,None,Medium,0,0,0,0,0,0,0,0,95.5,2.0,2,Healthy
32,Male,136.0,76.0,190.0,0,28.2,Current,Moderate,Low,0,0,0,0,0,1,1,1,153.0,16.0,6,Healthy
79,Male,98.0,83.0,212.0,0,28.1,Never,None,Medium,0,0,0,0,0,0,0,0,105.9,18.4,6,Healthy
79,Male,133.0,74.0,283.0,0,21.3,Never,Moderate,Medium,0,0,1,0,0,0,0,0,70.2,2.0,1,Healthy
64,Female,120.0,70.0,144.0,0,31.6,Never,Moderate,Low,0,0,0,1,0,0,0,0,64.6,34.4,9,Diabetes
79,Male,103.0,73.0,248.0,0,30.0,Never,None,Low,1,0,0,0,0,0,0,0,176.2,18.1,3,Heart Disease
68,Female,113.0,71.0,207.0,0,30.9,Never,Moderate,High,0,0,0,0,0,0,0,0,103.3,21.7,0,Healthy
72,Female,132.0,62.0,234.0,0,26.0,Never,None,Low,0,0,1,0,0,0,0,0,123.0,3.3,7,Healthy
81,Male,122.0,68.0,196.0,1,18.9,Never,Moderate,Medium,0,0,0,1,0,0,0,0,86.9,21.9,9,Healthy
20,Female,131.0,80.0,166.0,1,30.9,Never,High,Medium,0,0,0,0,0,0,1,0,119.6,25.9,9,Diabetes
68,Female,156.0,78.0,230.0,0,24.6,Never,Moderate,Medium,1,0,1,0,1,0,0,0,153.8,17.5,8,Heart Disease
24,Female,92.0,77.0,226.0,1,19.1,Never,Moderate,Medium,0,1,0,0,0,0,0,0,90.4,14.9,0,Healthy
38,Female,149.0,65.0,239.0,0,32.8,Former,None,Medium,1,0,0,0,0,0,0,0,123.8,6.1,6,Heart Disease
56,Male,122.0,73.0,199.0,1,36.5,Current,None,High,0,0,0,0,1,0,0,0,67.8,12.8,0,Diabetes
35,Male,104.0,53.0,176.0,0,25.8,Never,Moderate,High,0,0,1,0,0,0,0,0,170.7,9.9,0,Healthy
21,Female,96.0,77.0,138.0,0,36.8,Never,None,Medium,0,1,1,0,0,0,0,0,118.1,20.7,8,Healthy
77,Female,117.0,89.0,233.0,1,26.5,Current,None,Low,0,0,1,0,1,0,1,0,97.6,6.5,9,Healthy
31,Male,137.0,60.0,217.0,1,24.1,Never,None,Low,0,0,0,0,0,1,0,0,101.1,20.6,9,Healthy
26,Female,118.0,69.0,161.0,0,22.8,Current,Moderate,Medium,0,0,0,0,0,0,0,0,94.7,6.6,5,Healthy
70,Female,147.0,78.0,178.0,0,34.2,Never,None,Medium,0,0,0,0,0,1,0,0,96.2,12.4,0,Healthy
19,Female,94.0,88.0,181.0,0,22.1,Current,High,Low,0,0,1,0,1,0,0,0,60.0,21.2,6,Healthy
77,Male,120.0,71.0,141.0,0,29.7,Never,None,Low,0,0,1,0,1,0,0,0,107.1,8.0,2,Healthy
88,Female,97.0,68.0,167.0,0,23.2,Current,None,Medium,0,0,0,0,1,0,1,0,105.8,21.5,9,Healthy
61,Female,127.0,55.0,155.0,0,23.7,Never,Moderate,Low,1,0,0,0,0,0,0,0,124.7,20.5,3,Healthy
25,Male,136.0,76.0,184.0,1,31.2,Former,None,Medium,0,0,0,0,0,0,0,0,94.3,12.3,3,Diabetes
64,Male,112.0,95.0,170.0,0,24.1,Never,Moderate,Medium,1,0,0,0,0,0,0,0,86.9,26.6,7,Healthy
52,Female,73.0,78.0,135.0,0,24.0,Never,None,Medium,0,0,0,0,0,0,1,1,109.8,15.8,0,Healthy
53,Male,124.0,75.0,281.0,0,31.7,Former,None,Low,0,0,0,0,1,1,0,0,61.6,26.0,7,Diabetes
67,Female,128.0,78.0,250.0,0,34.0,Never,None,Low,0,1,0,0,0,1,0,0,114.3,32.9,8,Diabetes
21,Female,127.0,75.0,,0,,Current,High,Low,0,0,0,0,0,0,0,0,,12.6,6,Healthy
19,Male,142.0,67.0,211.0,0,22.7,Never,Moderate,Low,0,0,1,1,0,0,0,1,143.6,21.4,0,Healthy
23,Female,101.0,83.0,217.0,1,23.4,Current,Moderate,Medium,0,1,1,0,0,0,0,0,130.5,8.6,6,Diabetes
71,Male,132.0,77.0,248.0,1,26.4,Never,None,Medium,0,0,1,0,0,0,0,1,82.2,4.7,5,Healthy
21,Female,141.0,75.0,167.0,0,27.6,Current,Moderate,Low,0,0,1,0,0,0,1,0,129.8,13.0,4,Heart Disease
71,Male,88.0,65.0,244.0,0,21.1,Current,None,Low,1,0,0,0,0,0,0,0,113.3,2.0,4,Heart Disease
80,Female,126.0,88.0,178.0,0,29.6,Never,High,Low,0,1,0,0,0,0,0,0,79.7,5.6,0,Healthy
35,Male,111.0,82.0,147.0,1,26.4,Current,Moderate,High,0,0,1,0,1,0,0,0,60.0,20.9,5,Healthy
61,Male,119.0,69.0,229.0,1,17.4,Current,Moderate,Medium,0,0,0,0,0,0,0,0,119.5,9.9,3,Healthy
51,Female,126.0,85.0,252.0,0,21.4,Never,None,High,1,0,0,0,0,1,0,1,86.2,22.1,0,Heart Disease
79,Male,111.0,70.0,304.0,0,23.5,Former,Moderate,High,0,1,0,0,1,0,0,0,142.8,18.0,7,Healthy
31,Female,108.0,67.0,152.0,1,25.6,Never,None,Medium,0,0,1,0,0,0,1,0,110.4,33.5,7,Diabetes
65,Male,121.0,67.0,228.0,0,35.4,Current,High,Medium,1,1,0,0,0,0,0,1,89.0,20.2,3,Heart Disease
32,Female,100.0,57.0,184.0,0,27.2,Never,None,Low,1,0,0,0,0,0,0,0,163.9,26.1,6,Diabetes
89,Male,100.0,80.0,231.0,1,21.8,Never,None,Medium,0,0,0,1,0,0,1,0,127.3,19.0,2,Diabetes
79,Female,132.0,57.0,141.0,1,27.1,Never,None,Low,0,0,1,0,0,0,0,0,60.0,18.1,7,Healthy
57,Male,99.0,63.0,149.0,0,24.2,Never,None,High,1,0,0,0,0,0,0,0,95.4,26.6,6,Healthy
70,Male,132.0,54.0,169.0,0,27.6,Current,None,Low,1,0,0,0,0,0,0,0,68.5,21.7,4,Heart Disease
41,Male,128.0,74.0,203.0,0,28.9,Current,Moderate,Medium,0,1,0,0,0,0,0,0,86.0,17.1,4,Healthy
43,Male,89.0,73.0,,0,,Never,Moderate,Low,0,0,1,0,0,0,1,0,,17.1,8,Healthy
77,Female,108.0,72.0,226.0,0,25.9,Never,Moderate,High,0,1,1,0,0,0,0,1,120.6,20.4,5,Healthy
58,Male,141.0,65.0,241.0,0,34.2,Former,Moderate,Low,0,0,0,0,0,1,0,0,117.8,8.3,5,Heart Disease
46,Female,102.0,63.0,224.0,1,30.5,Never,None,Medium,0,0,0,0,0,0,1,0,142.3,7.9,1,Diabetes
32,Male,112.0,80.0,265.0,1,22.5,Never,Moderate,Medium,0,0,1,0,0,0,0,1,129.1,29.3,4,Diabetes
62,Male,128.0,69.0,217.0,0,37.0,Never,None,Low,1,0,0,0,0,1,0,0,127.2,33.6,3,Diabetes
82,Female,134.0,78.0,151.0,0,27.6,Never,High,Medium,1,0,1,0,0,1,0,0,116.0,5.7,9,Healthy
88,Female,115.0,66.0,255.0,0,21.8,Never,None,High,0,0,0,0,0,0,0,0,148.6,8.3,2,Healthy
26,Male,109.0,77.0,176.0,0,34.3,Former,None,Low,0,0,0,0,1,0,0,0,100.5,26.4,8,Diabetes
18,Male,146.0,88.0,236.0,0,36.4,Never,None,High,0,0,1,0,0,0,0,0,101.3,20.3,6,Healthy
25,Male,151.0,81.0,263.0,0,25.8,Current,None,Medium,0,0,0,0,0,0,0,0,60.0,21.8,3,Heart Disease
80,Female,138.0,71.0,218.0,1,23.5,Never,None,High,0,1,0,0,0,0,0,0,141.7,24.0,8,Diabetes
28,Female,122.0,78.0,140.0,0,25.1,Never,None,Low,0,0,0,0,0,0,0,0,107.7,12.6,8,Healthy
25,Male,105.0,73.0,163.0,1,29.6,Current,Moderate,Medium,0,0,1,0,0,0,0,0,198.0,18.3,6,Diabetes
52,Female,105.0,75.0,253.0,1,32.4,Never,Moderate,High,0,0,0,0,1,0,0,0,97.8,17.5,4,Diabetes
52,Female,129.0,72.0,193.0,0,28.9,Never,None,Medium,1,0,0,0,0,1,0,1,112.7,6.4,8,Healthy
50,Female,128.0,73.0,203.0,0,26.5,Former,None,Medium,0,0,1,0,1,0,0,0,126.4,18.2,6,Healthy
22,Female,145.0,77.0,230.0,1,33.5,Never,Moderate,Low,0,1,0,0,0,0,0,0,76.9,27.4,8,Diabetes
58,Male,132.0,65.0,228.0,1,24.4,Current,None,Low,1,0,0,1,0,1,0,0,120.8,11.7,2,Heart Disease
45,Male,93.0,65.0,211.0,0,31.2,Never,Moderate,Medium,0,0,0,1,1,0,0,0,111.0,16.5,8,Healthy
24,Male,139.0,61.0,192.0,0,24.6,Former,None,Medium,0,0,1,0,0,0,0,0,100.9,17.1,0,Healthy
89,Male,102.0,59.0,187.0,0,28.2,Never,Moderate,Medium,0,0,0,0,1,0,0,0,145.2,12.2,4,Healthy
29,Female,113.0,63.0,234.0,1,25.4,Never,Moderate,Low,1,0,0,0,1,0,0,0,82.9,21.8,1,Healthy
51,Female,125.0,77.0,222.0,0,25.7,Current,Moderate,Medium,0,0,0,0,0,0,1,0,118.2,8.2,0,Healthy
50,Male,156.0,66.0,190.0,0,24.1,Current,Moderate,Low,0,0,1,1,0,0,0,0,153.6,28.3,2,Diabetes
65,Male,176.0,80.0,243.0,1,32.7,Never,None,Medium,0,1,1,0,0,0,0,1,88.8,21.3,6,Diabetes
40,Male,131.0,75.0,195.0,0,22.3,Never,None,High,0,0,0,0,0,0,0,0,101.1,5.6,2,Healthy
79,Female,117.0,55.0,166.0,0,22.3,Never,Moderate,Medium,0,0,0,0,0,0,0,0,180.4,32.0,9,Diabetes
54,Male,130.0,82.0,170.0,0,36.6,Former,Moderate,Low,0,0,1,0,0,0,1,0,124.2,16.7,9,Healthy
61,Female,136.0,83.0,161.0,1,30.9,Former,None,High,1,0,0,0,0,0,1,0,94.8,7.8,8,Diabetes
52,Male,114.0,65.0,189.0,0,15.0,Former,Moderate,Medium,1,0,1,0,0,0,0,0,134.1,26.0,2,Diabetes
82,Male,152.0,79.0,249.0,0,23.2,Never,None,Medium,0,0,0,0,0,1,0,0,93.0,19.9,5,Heart Disease
64,Female,124.0,66.0,168.0,0,16.9,Current,None,Low,0,1,0,1,0,0,0,0,63.1,2.0,1,Healthy
20,Female,129.0,76.0,208.0,0,21.2,Never,Moderate,Medium,0,0,0,0,0,0,0,0,151.2,9.7,7,Healthy
18,Male,132.0,62.0,174.0,0,15.0,Never,None,Low,1,0,1,0,0,0,0,0,76.9,17.8,9,Healthy
22,Female,128.0,57.0,190.0,0,25.3,Never,Moderate,Medium,0,0,0,0,0,0,0,0,183.6,2.0,4,Healthy
31,Female,135.0,71.0,140.0,0,20.3,Current,None,Low,0,0,0,0,0,0,0,0,95.3,15.9,1,Healthy
44,Female,109.0,74.0,191.0,1,26.3,Former,None,Low,1,1,0,0,0,0,0,0,174.0,16.6,6,Diabetes
26,Male,110.0,71.0,192.0,1,17.9,Never,Moderate,Low,1,1,0,0,1,0,0,0,68.9,3.2,2,Healthy
32,Female,100.0,63.0,222.0,0,26.4,Former,Moderate,Low,0,1,0,0,0,0,0,0,140.8,17.7,4,Healthy
59,Female,128.0,71.0,209.0,0,23.9,Current,None,Low,1,0,0,0,0,0,0,0,125.0,15.1,8,Heart Disease
68,Female,134.0,78.0,152.0,0,33.5,Never,None,Medium,1,0,1,0,0,0,0,0,135.1,3.1,0,Diabetes
80,Male,128.0,75.0,243.0,1,33.1,Never,None,Low,0,0,0,0,0,0,0,0,139.0,24.2,1,Diabetes
69,Male,150.0,77.0,208.0,0,29.9,Current,None,Medium,0,0,1,0,0,0,0,0,95.1,23.4,4,Heart Disease
21,Male,120.0,68.0,208.0,0,24.4,Current,High,Low,1,0,0,0,0,1,0,0,70.7,12.1,3,Heart Disease
40,Female,132.0,87.0,200.0,0,35.9,Never,Moderate,High,0,1,0,0,0,0,0,0,108.5,13.0,0,Healthy
32,Male,100.0,63.0,179.0,0,18.2,Never,None,High,0,0,0,0,0,1,0,0,116.7,22.3,6,Healthy
60,Female,113.0,80.0,209.0,0,19.0,Never,None,Low,0,1,1,0,1,0,0,0,95.8,13.0,8,Healthy
46,Female,133.0,87.0,219.0,0,25.6,Never,High,Medium,1,1,1,0,0,0,0,0,118.3,2.0,0,Healthy
53,Male,135.0,80.0,130.0,0,37.3,Current,Moderate,Low,1,1,0,0,0,0,0,0,119.9,19.9,7,Heart Disease
30,Female,115.0,73.0,178.0,1,25.0,Never,Moderate,High,0,0,1,0,0,0,0,0,82.7,6.9,8,Healthy
49,Male,119.0,70.0,190.0,0,25.1,Current,Moderate,Medium,1,0,0,0,0,0,0,0,121.8,11.1,1,Heart Disease
88,Female,93.0,85.0,210.0,0,18.8,Never,None,Low,1,0,0,0,0,0,0,0,102.0,29.6,0,Healthy
76,Male,114.0,61.0,248.0,0,30.7,Never,None,Low,1,0,0,0,0,0,0,0,89.0,13.7,5,Heart Disease
45,Female,136.0,65.0,169.0,0,30.8,Never,High,Low,0,0,0,0,0,0,0,0,133.6,15.0,6,Diabetes
83,Female,130.0,71.0,180.0,0,29.9,Former,Moderate,Low,0,0,0,0,0,0,1,0,86.7,20.1,1,Healthy
59,Female,129.0,87.0,179.0,0,22.9,Never,None,Medium,0,0,1,1,0,0,0,1,96.3,20.1,4,Healthy
62,Female,121.0,79.0,168.0,0,22.5,Former,None,Medium,0,0,0,0,0,0,1,0,112.2,5.8,4,Healthy
79,Female,120.0,65.0,186.0,0,19.5,Never,None,Low,0,0,1,0,0,0,0,0,151.2,14.4,6,Healthy
74,Female,108.0,72.0,231.0,0,26.4,Never,Moderate,Low,1,1,0,1,0,0,0,0,115.8,15.4,0,Healthy
23,Female,133.0,69.0,158.0,0,20.6,Never,None,Low,0,0,0,0,0,1,0,0,125.8,17.7,9,Healthy
45,Female,128.0,68.0,217.0,1,20.1,Never,None,Low,1,0,1,0,0,0,1,0,101.1,17.9,7,Healthy
45,Male,129.0,85.0,132.0,0,23.9,Former,High,High,0,0,1,1,0,0,0,0,107.6,40.9,4,Healthy
61,Female,111.0,61.0,178.0,0,23.6,Never,None,Low,0,0,1,0,0,0,0,0,108.5,3.2,2,Healthy
47,Female,81.0,91.0,187.0,0,23.3,Former,None,Medium,0,0,0,0,0,0,0,0,118.8,24.8,8,Healthy
79,Female,140.0,83.0,267.0,0,28.3,Never,None,Low,0,0,1,0,1,0,0,1,101.1,26.8,2,Healthy
79,Male,111.0,86.0,189.0,0,26.4,Never,None,Low,0,1,1,0,0,0,1,0,150.2,19.9,6,Healthy
18,Female,104.0,70.0,112.0,0,24.6,Never,None,Medium,1,0,0,0,1,0,0,0,98.8,8.5,9,Healthy
44,Male,132.0,74.0,120.0,1,26.9,Never,High,Medium,0,0,0,0,0,0,0,0,60.0,31.6,6,Diabetes
79,Female,113.0,61.0,201.0,0,21.0,Current,Moderate,Medium,0,0,0,0,0,0,0,0,192.3,2.0,9,Healthy
20,Male,139.0,70.0,225.0,0,26.5,Former,None,Medium,0,0,0,1,0,0,1,0,100.2,8.2,7,Healthy
87,Female,131.0,80.0,215.0,1,26.8,Never,None,Medium,0,0,0,0,0,0,0,0,149.4,26.7,9,Diabetes
89,Female,132.0,88.0,207.0,1,18.5,Never,Moderate,Low,0,0,1,0,1,0,0,0,152.1,11.3,7,Diabetes
44,Male,95.0,64.0,246.0,0,31.0,Current,None,Medium,0,1,0,0,0,1,1,0,138.4,31.0,3,Diabetes
26,Female,142.0,71.0,178.0,0,21.6,Former,None,Medium,0,0,1,0,0,0,0,0,104.1,2.0,0,Healthy
79,Male,125.0,73.0,236.0,0,26.5,Former,High,Low,1,0,0,0,0,0,0,0,118.6,3.9,3,Healthy
54,Female,113.0,61.0,135.0,0,31.8,Never,None,Medium,0,0,0,0,0,0,0,0,71.8,9.7,5,Healthy
68,Female,123.0,81.0,164.0,0,30.6,Never,None,Low,1,0,0,0,1,0,0,0,169.7,19.2,9,Diabetes
61,Female,88.0,68.0,128.0,0,26.2,Current,None,Low,0,0,0,0,0,0,0,0,84.4,12.8,5,Healthy
41,Female,127.0,73.0,189.0,1,24.2,Former,None,Medium,1,0,1,0,0,0,0,1,102.4,10.1,5,Healthy
76,Female,101.0,70.0,198.0,0,30.7,Never,None,High,0,0,1,0,0,0,0,0,113.0,29.2,6,Diabetes
49,Male,96.0,67.0,205.0,0,29.4,Current,None,High,0,0,0,0,1,0,0,0,106.8,30.1,0,Healthy
69,Male,93.0,75.0,202.0,0,22.9,Former,None,Low,0,0,1,0,0,0,1,0,90.3,10.9,9,Healthy
79,Female,140.0,73.0,163.0,1,22.0,Never,Moderate,Medium,1,0,0,0,1,0,0,0,151.8,2.0,0,Diabetes
75,Female,109.0,71.0,192.0,0,15.6,Never,None,Medium,0,0,0,0,0,0,0,0,138.5,2.0,6,Healthy
69,Female,148.0,68.0,140.0,0,26.8,Never,None,Low,0,0,0,0,0,0,0,0,119.7,17.4,3,Healthy
29,Female,110.0,78.0,255.0,0,25.6,Never,Moderate,Medium,0,0,0,1,0,0,0,1,98.0,21.6,5,Healthy
56,Male,89.0,92.0,188.0,0,31.7,Former,Moderate,Medium,0,0,0,0,0,0,0,1,141.9,15.6,5,Diabetes
19,Female,100.0,76.0,180.0,0,27.8,Never,None,High,0,0,0,0,0,0,0,1,96.1,14.3,8,Healthy
20,Male,142.0,85.0,264.0,0,32.7,Current,None,Low,0,0,0,0,0,1,0,0,157.1,7.0,1,Diabetes
73,Female,117.0,61.0,150.0,0,22.5,Current,None,Low,0,0,1,0,0,0,0,1,113.3,21.5,3,Healthy
76,Male,110.0,77.0,155.0,0,31.7,Never,Moderate,High,0,0,0,0,0,0,0,0,146.9,31.8,3,Diabetes
19,Male,123.0,64.0,156.0,0,23.4,Never,None,Medium,0,0,0,0,1,0,0,0,106.6,2.0,6,Healthy
19,Male,129.0,60.0,197.0,0,29.9,Current,None,High,0,1,0,0,0,0,0,1,112.1,14.2,0,Healthy
71,Male,140.0,68.0,217.0,0,18.7,Former,None,Low,0,0,1,0,0,1,0,1,146.8,5.3,4,Healthy
18,Female,146.0,87.0,230.0,0,27.2,Former,None,Medium,1,0,1,0,0,0,0,0,175.8,2.0,3,Heart Disease
36,Male,114.0,85.0,303.0,0,16.1,Never,None,Medium,0,1,1,0,0,0,1,0,156.8,3.7,1,Healthy
19,Male,96.0,77.0,110.0,0,24.7,Never,None,Low,1,1,0,0,1,0,0,0,136.3,18.8,4,Healthy
70,Male,113.0,60.0,224.0,1,28.2,Never,Moderate,Medium,0,0,0,0,0,0,0,0,127.7,19.0,8,Diabetes
61,Male,125.0,73.0,178.0,0,23.4,Current,Moderate,Medium,1,0,1,0,0,0,0,0,94.8,29.6,7,Heart Disease
49,Male,103.0,78.0,177.0,0,20.7,Never,None,Low,0,0,0,0,0,0,0,0,118.9,15.1,8,Healthy
87,Male,103.0,77.0,175.0,0,30.2,Current,None,Low,0,0,0,0,0,0,0,0,82.6,2.0,6,Healthy
49,Female,126.0,57.0,164.0,1,25.5,Never,None,Medium,0,0,0,0,0,0,0,0,121.3,12.6,9,Healthy
85,Female,119.0,66.0,267.0,1,23.6,Current,None,Medium,1,1,0,0,0,0,0,0,123.2,2.0,6,Heart Disease
72,Female,121.0,74.0,234.0,0,26.2,Former,Moderate,High,0,0,0,0,0,0,0,1,60.0,2.9,1,Healthy
73,Male,106.0,80.0,201.0,0,39.2,Never,High,Low,0,0,0,0,0,1,0,0,111.2,20.8,2,Healthy
34,Male,116.0,53.0,254.0,0,31.8,Former,None,Low,0,0,0,1,1,0,0,0,122.4,16.9,9,Healthy
55,Female,103.0,73.0,139.0,0,31.8,Never,None,High,0,0,0,0,0,1,0,0,107.5,20.9,7,Healthy
41,Female,136.0,76.0,147.0,1,28.2,Never,None,High,0,0,1,0,1,0,0,0,120.7,11.4,1,Healthy
86,Male,139.0,83.0,113.0,0,26.8,Never,Moderate,Low,0,0,0,0,1,0,0,0,69.7,22.9,6,Healthy
87,Male,87.0,82.0,172.0,0,15.0,Never,Moderate,Medium,0,0,0,0,0,0,0,0,86.7,10.9,5,Healthy
28,Male,103.0,81.0,206.0,1,22.6,Never,Moderate,Low,0,0,0,0,0,0,1,1,141.0,26.2,9,Diabetes
33,Male,93.0,67.0,204.0,1,23.6,Former,Moderate,Low,1,1,0,1,0,0,1,0,110.0,18.4,3,Healthy
76,Male,108.0,56.0,206.0,0,16.6,Former,None,Low,0,1,0,0,0,0,1,0,120.2,12.9,3,Healthy
87,Female,118.0,71.0,144.0,0,20.2,Never,Moderate,Low,0,0,0,0,0,0,0,0,93.6,17.1,2,Healthy
20,Female,94.0,85.0,232.0,0,16.1,Current,Moderate,High,1,1,0,0,0,0,0,0,110.6,14.8,5,Heart Disease
37,Female,103.0,89.0,210.0,1,25.8,Former,Moderate,Medium,0,0,0,0,0,0,0,0,60.0,31.0,2,Diabetes
76,Female,102.0,82.0,229.0,1,30.1,Current,None,High,0,0,1,0,0,1,0,0,135.4,17.5,8,Diabetes
53,Female,124.0,79.0,124.0,0,31.5,Former,Moderate,Medium,1,0,0,0,0,0,0,0,164.2,15.0,3,Diabetes
36,Female,121.0,79.0,212.0,0,28.1,Never,Moderate,Medium,0,0,0,0,0,0,0,0,78.0,12.6,3,Healthy
84,Female,107.0,69.0,152.0,1,21.2,Never,Moderate,Medium,0,0,0,0,0,0,0,0,81.8,23.4,1,Healthy
36,Male,123.0,74.0,184.0,0,16.3,Former,Moderate,High,1,0,1,0,0,0,1,0,123.2,22.1,1,Healthy
37,Male,110.0,92.0,221.0,0,17.2,Never,Moderate,Medium,1,0,0,0,1,0,1,1,154.2,12.3,6,Healthy
88,Male,115.0,66.0,204.0,1,19.7,Never,Moderate,Medium,0,0,1,0,0,0,0,0,109.9,3.4,4,Healthy
69,Female,150.0,91.0,166.0,0,21.6,Never,Moderate,High,0,0,0,1,0,0,1,1,73.1,6.0,2,Healthy
50,Female,144.0,72.0,200.0,0,25.2,Never,Moderate,Low,0,0,0,0,0,0,0,0,103.7,13.2,5,Healthy
57,Male,97.0,88.0,139.0,1,20.9,Never,None,Medium,0,0,0,0,0,0,0,0,79.1,28.5,5,Diabetes
56,Female,135.0,61.0,246.0,1,27.7,Never,None,High,0,1,0,1,0,0,0,0,89.9,12.5,0,Healthy
18,Male,135.0,81.0,192.0,0,24.8,Never,None,High,0,0,0,0,0,0,0,0,100.9,9.1,2,Healthy
28,Female,99.0,68.0,245.0,0,26.1,Former,Moderate,Low,1,0,0,0,1,0,1,0,82.1,2.0,4,Heart Disease
74,Male,135.0,61.0,179.0,0,31.7,Never,Moderate,Medium,1,0,0,0,0,0,0,0,86.7,30.1,6,Diabetes
67,Male,148.0,77.0,179.0,0,20.1,Never,High,Medium,0,0,0,0,0,0,1,0,112.2,20.7,3,Healthy
40,Female,100.0,85.0,169.0,0,28.1,Never,None,Low,0,0,0,0,0,0,1,0,116.5,23.0,7,Healthy
48,Male,103.0,67.0,235.0,1,25.9,Never,None,Medium,0,0,1,0,0,0,0,1,67.3,24.6,2,Healthy
59,Male,138.0,60.0,172.0,0,24.3,Never,None,Low,0,0,1,1,0,1,0,1,121.9,13.4,5,Healthy
24,Male,125.0,74.0,226.0,0,30.4,Never,None,Low,0,0,0,0,0,0,0,0,98.5,15.8,5,Healthy
33,Female,130.0,74.0,185.0,0,30.4,Never,Moderate,Medium,1,0,1,0,1,1,0,0,131.6,29.9,8,Diabetes
77,Female,126.0,80.0,121.0,1,21.3,Former,None,Medium,0,0,0,0,0,1,0,0,133.4,16.8,3,Diabetes
19,Male,127.0,84.0,177.0,0,25.1,Never,Moderate,Medium,1,0,0,0,0,0,1,0,93.7,20.9,6,Healthy
18,Female,96.0,74.0,153.0,0,27.4,Never,Moderate,Medium,0,0,0,0,0,0,0,0,128.4,23.7,9,Healthy
65,Female,139.0,94.0,201.0,0,24.6,Never,None,Low,0,0,0,0,0,0,1,0,84.9,21.4,0,Healthy
29,Male,141.0,77.0,152.0,0,28.9,Former,Moderate,Low,0,0,0,0,0,0,0,1,149.7,13.7,0,Healthy
86,Male,116.0,72.0,237.0,0,27.4,Current,None,Low,0,1,0,0,0,1,0,0,86.0,14.7,1,Healthy
54,Male,119.0,59.0,196.0,0,35.2,Former,None,Low,1,0,0,0,1,0,0,0,120.6,22.8,3,Healthy
49,Male,92.0,72.0,193.0,0,18.3,Never,Moderate,Medium,1,0,0,0,0,1,0,0,104.4,22.8,5,Healthy
26,Female,129.0,72.0,226.0,0,25.4,Never,Moderate,Medium,0,0,1,0,0,0,0,0,79.5,26.7,3,Healthy
36,Male,130.0,85.0,239.0,0,21.5,Never,None,Low,0,0,1,1,1,0,0,0,137.0,20.5,5,Healthy
65,Female,119.0,80.0,199.0,0,29.0,Current,None,Low,0,1,0,0,0,0,0,0,91.6,21.0,1,Healthy
20,Female,140.0,63.0,169.0,0,17.9,Never,None,Medium,1,0,0,0,0,0,0,0,60.0,10.5,8,Healthy
37,Male,114.0,77.0,129.0,0,27.7,Current,None,Low,1,0,0,0,0,0,0,1,60.0,9.2,2,Heart Disease
41,Female,130.0,82.0,173.0,0,22.8,Former,High,High,0,1,0,1,0,0,0,0,83.7,22.8,6,Healthy
71,Male,102.0,90.0,175.0,0,22.3,Former,Moderate,Medium,0,1,0,0,0,1,1,0,151.3,9.3,0,Healthy
50,Female,120.0,84.0,204.0,0,18.8,Never,None,Low,0,0,0,0,0,0,0,1,147.7,14.8,7,Healthy
41,Female,117.0,83.0,186.0,0,23.7,Former,Moderate,Low,0,0,0,0,0,0,0,0,88.4,28.8,3,Healthy
89,Female,124.0,76.0,228.0,0,31.4,Never,None,Medium,0,0,0,0,0,0,0,0,98.8,27.2,4,Diabetes
53,Female,113.0,79.0,175.0,0,25.9,Never,None,Low,0,0,1,0,0,0,1,0,96.1,18.0,6,Healthy
55,Male,118.0,87.0,198.0,1,29.1,Never,High,Low,1,1,1,0,1,0,0,1,70.0,12.0,2,Healthy
42,Female,135.0,62.0,247.0,1,34.3,Current,Moderate,Low,0,0,0,0,0,0,0,0,81.5,13.8,8,Diabetes
35,Female,112.0,72.0,214.0,0,27.3,Never,Moderate,Medium,0,0,0,0,0,0,0,0,139.4,23.7,8,Healthy
83,Female,91.0,67.0,198.0,0,23.2,Never,Moderate,Medium,1,0,1,0,0,0,0,0,125.1,14.6,7,Breast Cancer
71,Female,151.0,79.0,176.0,0,28.3,Never,Moderate,Low,0,0,0,0,0,0,0,0,118.2,9.4,0,Healthy
52,Female,145.0,87.0,175.0,0,23.3,Former,None,Medium,0,0,0,0,1,1,0,0,69.9,27.2,1,Healthy
78,Male,97.0,69.0,166.0,0,23.5,Former,Moderate,Medium,0,0,0,0,0,0,0,0,113.0,16.8,1,Healthy
58,Male,132.0,51.0,178.0,0,18.4,Former,High,Medium,0,0,0,0,0,0,0,1,60.0,9.2,2,Healthy
50,Female,111.0,71.0,230.0,0,30.6,Never,None,Low,0,0,1,0,0,0,0,0,135.3,19.8,1,Diabetes
85,Male,125.0,84.0,191.0,1,24.1,Never,Moderate,Medium,0,1,0,1,0,0,0,1,117.8,24.7,0,Healthy
50,Female,125.0,80.0,146.0,0,26.9,Never,None,High,1,0,0,0,0,0,1,0,69.6,4.9,4,Healthy
31,Female,116.0,79.0,271.0,1,20.8,Never,None,Low,0,0,0,0,1,0,0,0,158.5,13.0,5,Diabetes
38,Male,106.0,72.0,213.0,1,28.2,Current,Moderate,Low,1,0,0,0,0,0,1,1,60.0,12.5,6,Heart Disease
65,Male,108.0,62.0,144.0,0,22.2,Never,None,Low,0,0,0,0,1,0,0,0,125.9,19.5,9,Healthy
37,Female,104.0,80.0,182.0,0,25.3,Never,Moderate,Low,1,0,1,0,0,1,0,0,126.7,21.3,6,Healthy
25,Male,105.0,67.0,204.0,0,30.4,Never,None,Low,0,0,0,0,1,0,0,0,72.8,9.5,1,Healthy
24,Female,119.0,97.0,268.0,0,30.0,Current,High,High,0,0,0,0,0,0,0,0,108.9,2.0,6,Heart Disease
84,Male,107.0,81.0,156.0,0,25.9,Never,None,High,0,0,0,0,1,0,0,0,60.9,25.3,1,Healthy
34,Female,132.0,69.0,239.0,0,17.2,Never,None,Low,0,0,0,0,0,0,0,0,60.0,3.8,1,Healthy
50,Male,147.0,69.0,256.0,0,41.0,Former,None,Medium,0,0,0,0,1,1,0,0,78.0,17.7,5,Heart Disease
65,Female,110.0,74.0,175.0,1,34.7,Never,High,Medium,1,1,0,0,0,0,0,0,91.5,13.7,5,Diabetes
76,Male,124.0,73.0,189.0,0,29.6,Former,Moderate,Medium,0,0,0,0,0,0,0,0,129.3,16.6,7,Healthy
39,Female,129.0,86.0,159.0,1,22.2,Never,Moderate,Medium,0,1,0,0,0,1,1,0,112.0,31.5,4,Diabetes
47,Male,128.0,77.0,192.0,0,25.4,Former,None,Low,0,0,0,0,1,0,0,0,112.8,45.4,4,Healthy
55,Female,121.0,68.0,199.0,1,23.3,Never,None,Medium,1,0,1,0,0,0,0,0,79.6,2.0,9,Breast Cancer
68,Female,133.0,94.0,226.0,0,32.3,Never,None,Medium,0,0,0,0,0,0,0,0,94.1,24.8,0,Healthy
71,Male,129.0,75.0,244.0,0,27.3,Current,Moderate,Medium,1,0,0,0,0,0,0,1,82.1,13.4,3,Heart Disease
25,Male,98.0,83.0,170.0,1,22.1,Never,None,Medium,1,0,0,0,0,0,0,0,73.3,25.5,0,Diabetes
44,Male,136.0,69.0,121.0,0,23.6,Never,High,Low,0,0,0,0,0,0,0,0,92.2,24.6,9,Healthy
44,Female,136.0,79.0,199.0,0,31.6,Never,Moderate,Low,0,0,0,0,0,0,0,0,112.2,29.1,4,Diabetes
38,Female,106.0,78.0,212.0,0,34.0,Former,None,High,1,0,0,0,0,0,0,0,92.8,17.8,7,Healthy
47,Female,121.0,56.0,210.0,0,33.6,Never,None,Medium,0,0,0,0,0,0,0,0,100.3,6.1,0,Healthy
45,Male,132.0,95.0,187.0,0,29.8,Current,Moderate,High,0,0,0,0,1,0,0,0,130.8,24.3,2,Healthy
81,Male,116.0,88.0,,1,,Current,None,Low,1,0,0,0,1,0,0,0,,16.2,0,Heart Disease
86,Female,139.0,71.0,261.0,0,15.0,Former,None,Medium,1,0,0,0,0,1,0,0,70.0,12.7,5,Heart Disease
78,Female,163.0,64.0,215.0,0,27.5,Never,None,Medium,1,0,0,0,0,0,1,0,126.9,10.2,9,Heart Disease
65,Female,106.0,78.0,185.0,1,26.0,Never,Moderate,High,0,0,0,0,0,0,0,0,118.0,25.1,0,Diabetes
36,Male,95.0,76.0,180.0,0,26.7,Former,Moderate,Low,0,0,1,1,0,0,0,0,119.9,31.0,9,Healthy
21,Female,125.0,79.0,193.0,0,26.3,Never,None,Low,0,0,1,1,0,0,0,0,128.8,3.0,2,Healthy
52,Male,133.0,77.0,265.0,1,19.4,Never,None,Medium,0,0,0,0,0,1,0,1,123.7,21.2,4,Healthy
81,Male,116.0,80.0,193.0,0,28.8,Never,None,High,0,0,0,0,0,0,0,0,110.9,11.3,4,Healthy
66,Female,146.0,89.0,199.0,0,29.2,Never,Moderate,High,0,0,0,0,0,1,0,0,181.7,2.0,1,Healthy
34,Female,96.0,81.0,181.0,0,29.4,Never,None,High,0,0,0,0,0,0,0,0,71.5,16.5,2,Healthy
61,Female,132.0,65.0,244.0,0,30.7,Never,None,High,1,1,0,0,0,0,1,0,92.4,6.7,8,Heart Disease
47,Male,109.0,89.0,278.0,0,29.0,Former,High,Low,1,0,0,0,0,0,0,0,139.0,2.0,0,Heart Disease
63,Male,151.0,91.0,218.0,0,23.9,Never,High,Low,1,0,1,1,0,0,0,0,114.3,7.2,0,Heart Disease
23,Female,156.0,107.0,203.0,1,25.6,Never,High,Low,0,0,0,0,0,0,0,0,132.7,4.7,1,Diabetes
54,Female,106.0,64.0,201.0,0,26.5,Never,Moderate,Low,0,0,0,0,0,0,0,0,115.1,8.5,7,Healthy
41,Male,110.0,77.0,105.0,0,26.5,Never,None,High,1,0,1,0,0,0,0,0,151.2,2.0,5,Healthy
63,Male,135.0,54.0,230.0,1,31.0,Never,None,High,0,0,0,0,0,0,0,1,79.8,11.0,3,Diabetes
70,Male,113.0,81.0,205.0,0,29.2,Former,None,Low,0,0,0,0,0,0,0,0,150.3,7.9,6,Healthy
77,Female,119.0,70.0,217.0,1,36.4,Current,None,Medium,0,0,0,0,0,0,0,0,145.1,18.8,5,Diabetes
80,Male,120.0,94.0,172.0,0,37.0,Never,High,High,0,0,0,0,0,0,0,0,73.7,20.9,8,Healthy
49,Male,85.0,67.0,185.0,1,26.4,Never,Moderate,Medium,0,0,0,0,0,0,0,0,128.9,17.6,5,Diabetes
50,Male,120.0,58.0,184.0,0,15.0,Never,Moderate,Low,1,0,0,0,0,0,0,0,108.7,12.6,1,Healthy
84,Male,108.0,70.0,241.0,0,32.2,Current,None,Medium,1,0,0,0,0,1,0,0,91.8,12.4,2,Heart Disease
35,Male,111.0,55.0,185.0,0,23.3,Former,High,Low,0,0,0,0,0,0,0,1,60.0,6.6,8,Healthy
42,Female,146.0,83.0,283.0,0,22.0,Current,Moderate,Medium,0,0,0,0,0,0,0,0,79.7,6.9,6,Heart Disease
71,Male,97.0,54.0,217.0,1,24.0,Never,None,Medium,1,0,1,0,0,1,0,0,131.2,22.0,5,Diabetes
75,Female,135.0,75.0,149.0,0,23.8,Current,Moderate,Low,0,0,0,0,1,0,1,0,134.4,2.0,4,Healthy
84,Male,115.0,54.0,195.0,0,29.1,Never,None,High,0,0,0,0,0,0,0,0,103.7,14.2,2,Healthy
63,Female,115.0,72.0,174.0,1,18.2,Never,None,Medium,1,0,0,0,0,0,1,1,134.5,11.8,3,Diabetes
41,Female,134.0,91.0,112.0,0,20.6,Current,Moderate,Medium,1,0,0,0,0,0,0,0,138.4,21.0,0,Heart Disease
49,Female,126.0,79.0,264.0,0,27.7,Current,Moderate,High,1,0,0,0,0,0,0,1,114.6,2.0,4,Heart Disease
64,Female,130.0,66.0,228.0,0,29.1,Never,None,Low,0,0,1,0,0,0,0,0,88.3,15.1,6,Healthy
40,Male,137.0,75.0,221.0,0,29.2,Never,None,Low,0,0,0,1,0,0,0,0,123.2,18.4,1,Healthy
83,Male,114.0,75.0,207.0,0,22.1,Never,High,High,1,0,1,1,1,0,0,1,124.6,2.0,7,Healthy
44,Female,109.0,80.0,145.0,1,21.1,Never,Moderate,Low,0,0,1,0,0,0,0,0,130.2,4.3,9,Diabetes
19,Female,100.0,61.0,181.0,0,23.5,Never,Moderate,Medium,1,0,1,0,0,0,1,0,136.0,14.1,5,Healthy
34,Female,105.0,81.0,234.0,0,27.2,Current,None,Low,0,0,0,0,0,0,0,0,69.1,20.1,9,Healthy
50,Female,173.0,48.0,158.0,1,33.4,Former,None,Low,1,0,1,0,0,0,1,0,94.7,16.8,2,Diabetes
26,Female,142.0,69.0,99.0,0,15.8,Former,None,Medium,0,0,0,0,1,1,0,0,60.0,20.6,1,Healthy
60,Male,96.0,70.0,191.0,0,24.9,Former,None,Low,0,0,0,0,0,0,1,0,132.4,4.2,7,Healthy
65,Male,96.0,81.0,194.0,0,19.3,Never,None,Medium,0,0,0,0,0,1,0,0,103.6,2.0,3,Healthy
56,Female,129.0,75.0,205.0,0,17.7,Former,None,Medium,0,0,1,0,1,0,0,0,122.9,15.8,6,Healthy
59,Female,130.0,61.0,229.0,0,30.8,Never,Moderate,High,0,0,0,0,0,0,0,1,65.7,2.7,6,Healthy
43,Male,130.0,65.0,226.0,0,28.7,Never,None,Medium,0,0,0,0,0,0,1,0,152.0,6.3,9,Healthy
67,Female,115.0,77.0,210.0,0,28.2,Never,Moderate,Low,1,0,0,0,1,0,0,0,74.2,24.3,8,Healthy
42,Male,118.0,74.0,248.0,1,30.6,Never,None,High,0,0,0,0,0,1,0,0,133.2,16.9,9,Diabetes
41,Female,126.0,69.0,139.0,0,23.6,Current,None,Medium,0,0,0,1,0,0,0,0,113.5,9.3,7,Healthy
30,Male,122.0,70.0,220.0,1,23.8,Current,None,Medium,0,0,1,0,0,0,1,0,104.3,8.0,7,Healthy
77,Male,80.0,82.0,225.0,0,36.9,Never,None,High,1,0,1,0,1,0,0,0,101.9,21.2,6,Healthy
24,Female,116.0,70.0,150.0,0,24.8,Former,None,Medium,0,0,1,1,1,0,0,0,90.9,17.1,9,Healthy
74,Male,105.0,74.0,140.0,0,29.7,Never,High,Medium,0,1,0,0,0,0,0,0,148.9,2.9,4,Healthy
53,Female,123.0,97.0,170.0,1,26.0,Former,Moderate,Medium,1,0,0,0,1,1,1,0,110.4,2.0,8,Healthy
62,Female,174.0,61.0,174.0,0,16.8,Never,None,Low,0,0,0,0,0,0,0,0,71.9,33.8,6,Healthy
37,Female,127.0,56.0,230.0,0,15.8,Never,None,Low,0,0,0,0,0,1,0,0,98.5,2.8,2,Healthy
82,Male,114.0,83.0,175.0,1,23.1,Never,Moderate,Medium,0,0,0,0,0,0,1,0,113.9,20.3,5,Healthy
25,Male,137.0,68.0,166.0,0,31.3,Former,Moderate,Low,1,0,1,1,0,0,0,0,136.9,30.1,2,Diabetes
33,Male,129.0,72.0,176.0,1,29.9,Never,None,Low,0,0,0,0,0,0,0,0,91.9,16.5,5,Healthy
31,Female,128.0,67.0,245.0,0,30.6,Current,Moderate,Low,1,0,1,0,0,0,0,0,93.9,9.0,7,Heart Disease
32,Female,131.0,72.0,201.0,1,21.1,Never,Moderate,Medium,1,0,1,0,0,0,1,0,110.7,2.0,8,Healthy
83,Female,157.0,91.0,193.0,1,34.1,Current,Moderate,Low,0,0,0,0,1,0,0,1,136.2,2.0,1,Diabetes
49,Female,100.0,83.0,196.0,0,21.2,Former,Moderate,Medium,1,0,1,0,0,0,0,0,68.9,18.8,5,Healthy
80,Female,129.0,84.0,252.0,0,27.1,Never,Moderate,Low,0,0,1,0,1,0,1,0,125.2,29.5,2,Healthy
68,Female,103.0,61.0,170.0,0,25.9,Never,High,Medium,0,0,0,0,1,0,0,0,96.1,11.0,6,Healthy
42,Male,130.0,63.0,253.0,1,25.1,Former,None,Medium,0,0,0,0,0,0,1,0,100.3,9.4,3,Healthy
75,Female,103.0,47.0,208.0,0,32.7,Former,Moderate,Medium,1,0,0,0,0,0,0,0,170.0,22.0,4,Diabetes
80,Male,112.0,67.0,194.0,0,22.5,Former,Moderate,Low,0,0,0,0,0,0,0,1,104.1,8.1,9,Healthy
79,Female,115.0,85.0,300.0,0,19.3,Never,Moderate,High,0,0,0,0,0,0,0,0,132.6,17.7,5,Healthy
39,Female,138.0,80.0,158.0,0,26.1,Never,High,High,0,1,0,0,0,0,0,0,131.6,15.4,7,Healthy
75,Female,137.0,73.0,186.0,0,24.0,Current,None,High,0,0,0,0,0,0,0,0,74.6,10.9,1,Healthy
75,Male,98.0,75.0,151.0,0,42.9,Never,None,High,0,0,0,0,0,0,0,0,60.0,14.8,3,Healthy
66,Male,121.0,68.0,238.0,0,29.4,Never,None,Medium,0,0,0,0,0,0,1,0,134.6,32.6,3,Diabetes
69,Male,107.0,77.0,268.0,0,24.0,Never,None,Medium,0,1,0,0,0,0,0,0,77.5,21.0,5,Healthy
59,Male,97.0,83.0,267.0,0,20.7,Former,None,Medium,0,0,0,1,0,0,1,1,60.1,25.9,3,Healthy
87,Male,116.0,59.0,249.0,0,16.6,Former,Moderate,Medium,0,0,0,0,0,0,0,0,140.8,5.8,4,Healthy
32,Female,114.0,78.0,192.0,1,20.9,Never,None,High,0,1,0,0,1,0,0,0,79.4,26.0,4,Diabetes
71,Female,164.0,84.0,185.0,1,26.6,Never,Moderate,Medium,1,0,1,0,0,0,1,0,86.8,21.4,7,Heart Disease
77,Male,128.0,71.0,133.0,0,33.1,Never,Moderate,High,1,0,0,0,1,0,0,0,169.2,2.0,3,Diabetes
25,Male,95.0,82.0,281.0,0,31.6,Never,None,Low,0,1,0,1,0,0,1,0,60.2,20.4,5,Healthy
70,Male,110.0,103.0,219.0,0,27.1,Never,None,High,0,0,0,0,0,0,0,0,72.3,9.9,6,Healthy
77,Female,138.0,74.0,180.0,0,24.4,Current,Moderate,Medium,1,0,0,0,0,0,0,1,96.2,2.0,7,Heart Disease
22,Female,158.0,79.0,253.0,0,27.3,Never,Moderate,Medium,1,0,0,0,0,0,0,0,102.8,16.3,8,Heart Disease
85,Female,91.0,68.0,161.0,0,23.4,Never,Moderate,Low,0,0,0,0,0,0,0,0,83.2,20.4,9,Healthy
23,Female,86.0,77.0,216.0,0,34.6,Current,Moderate,Medium,0,0,1,0,1,0,0,0,75.2,16.5,7,Healthy
64,Female,154.0,80.0,193.0,1,25.1,Never,High,High,0,0,1,0,0,0,0,0,155.3,13.9,3,Diabetes
72,Female,127.0,77.0,226.0,0,25.6,Never,Moderate,Low,0,1,0,0,0,0,0,0,117.9,11.7,3,Healthy
57,Male,104.0,65.0,197.0,0,15.0,Never,High,Medium,0,0,1,0,0,0,0,0,127.6,39.7,9,Diabetes
69,Female,130.0,77.0,142.0,0,25.0,Never,Moderate,Low,1,0,0,0,0,0,1,0,105.9,3.2,4,Healthy
33,Male,73.0,90.0,203.0,1,30.2,Current,Moderate,High,0,0,1,0,0,1,1,0,118.7,23.7,2,Diabetes
30,Female,120.0,79.0,242.0,0,20.7,Never,None,Medium,0,0,0,0,0,0,0,0,138.0,15.2,1,Healthy
47,Male,126.0,85.0,199.0,0,22.2,Never,High,Low,1,0,0,0,0,0,0,1,80.1,6.5,1,Healthy
36,Female,137.0,73.0,231.0,0,30.0,Former,None,Low,1,1,0,0,0,0,0,0,117.9,14.5,8,Healthy
34,Female,102.0,82.0,158.0,0,18.6,Current,Moderate,Medium,1,0,0,0,1,0,0,1,130.9,2.0,7,Heart Disease
80,Female,122.0,78.0,199.0,0,31.3,Never,None,Low,1,0,1,0,0,0,0,1,156.3,9.0,5,Diabetes
36,Female,103.0,65.0,175.0,0,23.3,Never,None,Medium,0,0,0,0,0,0,1,1,168.4,14.5,8,Healthy
75,Male,125.0,78.0,230.0,0,24.1,Current,None,High,1,0,0,0,0,0,0,1,112.1,2.0,4,Heart Disease
72,Male,104.0,65.0,201.0,0,20.4,Never,None,High,1,0,0,1,0,0,0,1,144.2,20.1,9,Healthy
79,Male,113.0,69.0,228.0,0,27.9,Former,None,Low,0,0,0,0,0,0,1,0,60.0,5.4,0,Healthy
40,Male,102.0,77.0,244.0,1,38.3,Former,Moderate,High,0,0,0,0,0,0,0,0,156.6,2.0,7,Diabetes
26,Female,132.0,78.0,228.0,0,29.9,Former,None,Medium,0,1,1,0,0,0,1,0,88.2,4.2,2,Healthy
29,Male,135.0,63.0,211.0,1,21.7,Never,None,Low,1,0,1,1,0,0,0,0,102.8,36.8,8,Diabetes
18,Female,116.0,86.0,160.0,0,31.7,Never,None,Low,0,0,0,0,0,0,0,0,123.2,2.0,0,Healthy
75,Female,121.0,81.0,200.0,0,24.4,Former,Moderate,Low,0,1,0,0,0,0,1,0,105.4,19.4,2,Healthy
18,Female,94.0,68.0,179.0,0,32.9,Never,None,High,0,0,0,0,0,0,0,0,115.9,7.5,0,Healthy
51,Male,115.0,60.0,186.0,0,30.0,Never,None,Low,0,0,1,0,0,0,0,1,157.6,11.5,0,Healthy
65,Female,119.0,74.0,185.0,1,15.0,Never,None,Low,0,1,1,0,0,0,0,0,98.5,21.0,5,Healthy
18,Female,167.0,71.0,161.0,1,21.0,Never,Moderate,Medium,0,0,0,0,0,0,0,0,77.4,20.5,3,Healthy
33,Female,100.0,76.0,122.0,0,30.7,Current,None,Medium,1,0,1,0,1,0,0,0,164.4,8.2,9,Diabetes
78,Female,146.0,71.0,173.0,0,26.8,Never,None,Medium,0,0,0,0,0,0,0,0,125.8,2.0,3,Healthy
81,Female,138.0,55.0,208.0,0,20.9,Current,None,Medium,0,0,0,0,0,0,0,0,167.7,21.2,4,Healthy
80,Male,125.0,71.0,146.0,0,22.8,Never,High,Low,0,0,1,0,0,0,0,1,135.9,20.5,2,Healthy
86,Female,152.0,72.0,201.0,0,16.5,Never,None,High,0,0,0,1,0,0,0,0,70.3,12.2,1,Healthy
39,Male,127.0,81.0,276.0,0,25.6,Never,Moderate,Low,0,0,0,0,0,0,0,0,129.4,19.4,9,Healthy
84,Male,127.0,68.0,241.0,1,37.1,Former,None,Medium,0,0,0,0,1,1,0,0,80.5,10.5,7,Diabetes
43,Male,119.0,92.0,266.0,0,30.0,Former,None,Medium,0,0,0,1,0,0,0,0,110.2,6.7,6,Healthy
33,Male,142.0,56.0,216.0,1,37.0,Never,None,Low,0,0,0,1,0,0,0,0,107.7,15.0,9,Diabetes
68,Male,140.0,88.0,247.0,1,30.4,Current,None,High,0,0,1,0,0,0,0,0,61.5,20.2,3,Diabetes
74,Male,109.0,73.0,171.0,1,31.1,Never,None,Medium,0,0,0,1,0,0,0,1,85.6,18.1,1,Diabetes
46,Female,96.0,84.0,174.0,0,35.9,Former,None,Low,0,0,1,0,0,0,0,0,176.2,20.1,8,Diabetes
86,Female,116.0,76.0,90.0,0,27.9,Current,None,High,0,0,0,0,0,0,0,0,117.2,7.4,7,Healthy
64,Female,106.0,86.0,247.0,0,25.1,Current,Moderate,Medium,0,0,0,0,0,0,1,1,104.7,30.8,3,Heart Disease
79,Male,119.0,71.0,262.0,0,31.2,Current,High,Medium,1,0,1,0,0,0,0,1,164.4,11.6,4,Diabetes
86,Male,142.0,64.0,178.0,0,33.3,Never,None,Medium,1,0,0,0,0,0,0,0,98.1,13.8,9,Heart Disease
33,Female,112.0,89.0,190.0,1,23.6,Never,Moderate,High,0,1,0,0,0,0,0,0,107.3,2.0,5,Healthy
65,Male,119.0,74.0,170.0,1,22.4,Never,High,Low,0,0,0,0,0,0,0,0,139.7,13.1,3,Diabetes
56,Male,121.0,77.0,215.0,1,26.7,Never,Moderate,Low,0,0,0,0,0,0,0,0,98.0,20.3,1,Healthy
50,Female,135.0,87.0,245.0,1,30.2,Former,None,Medium,0,0,0,0,0,0,0,0,87.6,22.6,4,Diabetes
40,Male,80.0,65.0,130.0,0,30.0,Never,Moderate,Low,1,0,1,0,0,0,0,0,60.0,30.6,0,Healthy
27,Female,109.0,81.0,216.0,0,18.9,Former,None,Medium,1,0,1,0,1,0,1,0,81.9,20.2,6,Healthy
86,Female,124.0,69.0,189.0,0,35.6,Never,Moderate,Low,1,0,0,0,1,0,0,0,81.6,17.8,8,Healthy
51,Male,142.0,74.0,205.0,0,22.8,Never,None,Low,1,0,1,0,0,0,1,0,114.8,10.5,2,Heart Disease
69,Male,111.0,76.0,218.0,1,24.7,Former,None,Low,1,0,1,0,0,0,0,1,91.7,8.4,5,Healthy
27,Female,86.0,60.0,192.0,0,21.5,Never,None,Medium,0,0,1,0,1,0,0,0,174.7,24.7,8,Healthy
36,Male,131.0,67.0,196.0,0,39.5,Current,None,High,0,1,0,0,0,0,0,0,78.3,24.5,3,Healthy
75,Male,109.0,89.0,191.0,0,27.2,Never,Moderate,Low,1,0,0,0,0,1,0,0,152.0,4.2,5,Healthy
18,Female,99.0,84.0,239.0,0,21.7,Former,None,Medium,0,0,0,1,0,0,0,0,116.6,22.2,2,Healthy
86,Male,109.0,74.0,217.0,0,30.3,Never,Moderate,Low,0,1,0,0,0,0,1,0,134.2,21.5,8,Diabetes
21,Female,117.0,77.0,209.0,1,29.8,Never,None,Medium,0,0,0,0,0,0,0,0,132.4,3.9,6,Diabetes
33,Female,109.0,72.0,149.0,0,25.1,Former,None,Low,1,0,0,0,0,0,0,0,60.0,20.4,6,Healthy
41,Male,80.0,89.0,185.0,0,30.2,Current,Moderate,Medium,0,1,0,0,0,0,0,0,109.7,4.5,3,Healthy
19,Male,136.0,73.0,236.0,0,21.9,Never,High,Medium,0,0,0,1,0,0,0,0,102.1,2.0,5,Healthy
49,Male,143.0,77.0,202.0,0,23.5,Never,None,High,1,1,0,0,0,0,0,0,76.0,13.4,7,Heart Disease
41,Male,132.0,86.0,226.0,0,15.9,Never,None,Low,1,0,0,0,0,0,0,0,123.8,17.6,5,Healthy
29,Male,100.0,67.0,271.0,1,19.4,Never,Moderate,Medium,1,0,1,0,0,1,0,0,161.5,13.8,5,Diabetes
67,Female,116.0,91.0,242.0,0,35.0,Current,None,Medium,0,0,0,0,0,0,0,0,60.0,43.7,3,Diabetes
52,Male,120.0,60.0,204.0,0,34.2,Former,Moderate,High,0,0,1,0,0,0,0,0,94.0,18.8,7,Healthy
50,Female,131.0,91.0,180.0,0,26.3,Never,Moderate,Low,1,0,1,0,0,0,1,0,72.6,16.5,9,Healthy
50,Female,132.0,71.0,98.0,0,34.3,Never,None,Low,0,0,1,0,0,0,1,0,112.2,19.3,7,Healthy
78,Female,107.0,73.0,193.0,0,25.2,Former,None,High,0,0,1,0,0,0,0,0,100.2,10.6,8,Healthy
68,Female,121.0,56.0,187.0,0,24.8,Never,None,Low,0,0,1,0,0,0,0,0,91.8,24.3,5,Healthy
60,Male,128.0,70.0,216.0,0,26.3,Former,None,Low,0,0,0,0,0,0,1,0,130.7,18.6,1,Healthy
29,Female,146.0,65.0,194.0,1,25.4,Never,Moderate,Low,0,0,1,0,0,0,0,0,159.1,18.2,3,Diabetes
84,Female,133.0,69.0,187.0,0,24.9,Former,Moderate,High,0,0,1,0,0,0,0,1,189.8,8.8,3,Healthy
82,Male,134.0,74.0,129.0,0,31.7,Never,Moderate,Low,0,0,1,0,0,0,0,0,87.8,2.0,7,Healthy
50,Male,122.0,85.0,162.0,0,26.8,Current,Moderate,High,1,1,0,0,0,0,0,0,60.0,10.0,4,Heart Disease
57,Female,145.0,77.0,,0,,Never,None,Medium,0,0,0,0,0,0,1,1,,17.8,3,Healthy
60,Male,127.0,78.0,269.0,1,31.2,Never,Moderate,Low,0,0,0,0,0,0,0,0,158.3,10.6,7,Diabetes
61,Male,105.0,64.0,196.0,1,27.9,Current,None,Medium,0,0,0,0,0,0,1,0,134.4,17.9,2,Diabetes
46,Male,145.0,66.0,213.0,0,21.1,Never,Moderate,Low,0,0,1,0,0,0,0,0,158.2,12.7,1,Healthy
30,Male,133.0,93.0,238.0,1,19.2,Never,None,Medium,1,0,0,0,0,0,0,0,103.2,19.3,3,Healthy
29,Female,112.0,68.0,168.0,1,26.7,Never,Moderate,Medium,0,0,0,0,0,0,1,0,91.7,5.2,0,Healthy
63,Female,111.0,92.0,215.0,1,25.1,Never,Moderate,Medium,1,1,0,0,0,0,1,0,113.5,16.9,0,Breast Cancer
19,Female,125.0,73.0,170.0,0,26.4,Current,None,Low,0,0,0,0,0,1,0,0,100.1,8.6,4,Healthy
52,Male,128.0,75.0,235.0,0,25.9,Former,None,Medium,0,1,0,0,0,0,0,0,129.9,2.0,0,Healthy
25,Male,124.0,86.0,,0,,Never,Moderate,High,0,0,0,0,0,0,0,0,,13.3,3,Diabetes
43,Female,126.0,88.0,212.0,1,19.3,Former,None,Medium,0,0,0,0,0,0,0,0,141.4,30.4,7,Diabetes
51,Male,151.0,74.0,169.0,0,16.1,Never,Moderate,High,0,0,0,0,0,0,0,0,125.3,2.0,7,Healthy
24,Male,139.0,71.0,228.0,0,27.7,Current,High,Low,0,0,0,1,1,0,0,0,117.4,16.2,1,Healthy
85,Female,123.0,74.0,283.0,0,24.1,Never,None,High,0,0,1,0,0,0,0,0,133.8,23.0,2,Healthy
75,Male,137.0,78.0,160.0,0,27.6,Never,None,Low,1,0,1,0,0,0,0,0,60.0,38.0,2,Healthy
46,Female,101.0,84.0,186.0,0,28.9,Never,Moderate,Low,1,1,1,0,0,0,0,0,116.3,10.1,0,Healthy
53,Male,127.0,75.0,209.0,1,32.4,Never,None,High,0,0,0,0,1,0,0,0,111.6,8.7,2,Diabetes
38,Male,153.0,81.0,231.0,0,18.5,Never,None,High,0,0,0,0,1,0,0,1,116.4,3.3,7,Healthy
53,Male,116.0,91.0,178.0,1,23.2,Never,High,Medium,0,0,0,0,0,0,0,0,107.4,26.4,5,Diabetes
27,Female,105.0,79.0,,0,,Former,Moderate,Low,1,0,1,0,0,0,0,0,,6.3,4,Healthy
41,Female,108.0,78.0,,0,,Never,None,Low,0,0,1,0,0,1,0,0,,11.3,9,Healthy
81,Female,100.0,60.0,230.0,0,37.0,Current,None,Medium,0,0,0,0,0,1,0,0,143.9,2.0,8,Diabetes
66,Female,106.0,49.0,130.0,0,30.8,Never,Moderate,High,0,0,1,0,0,1,0,0,124.2,23.8,6,Healthy
53,Male,113.0,79.0,176.0,0,25.7,Former,Moderate,Low,0,0,0,0,0,0,1,0,114.5,26.6,5,Healthy
41,Female,95.0,74.0,263.0,0,21.5,Current,Moderate,High,0,1,0,0,0,0,0,0,89.1,23.5,4,Heart Disease
40,Male,120.0,70.0,258.0,0,23.2,Former,None,Low,0,0,0,0,0,0,0,0,134.5,2.0,4,Healthy
79,Female,136.0,77.0,238.0,1,23.0,Current,High,High,1,0,0,0,0,0,0,1,116.2,21.1,9,Heart Disease
54,Male,104.0,74.0,193.0,0,29.3,Current,Moderate,High,1,0,0,0,0,0,0,0,87.3,2.0,8,Heart Disease
29,Female,147.0,86.0,203.0,0,27.3,Never,Moderate,Medium,0,0,1,0,0,0,1,0,108.3,15.6,9,Healthy
72,Male,129.0,76.0,195.0,0,19.4,Former,Moderate,Low,0,0,0,0,0,0,0,0,128.9,17.1,5,Healthy
30,Male,139.0,68.0,245.0,0,23.8,Never,None,High,0,0,0,0,0,0,1,1,126.5,18.1,3,Healthy
40,Female,108.0,85.0,165.0,0,30.4,Never,High,Medium,1,0,1,0,0,0,0,0,124.6,20.3,3,Healthy
47,Male,135.0,73.0,168.0,0,27.8,Never,None,Medium,1,0,0,0,0,1,0,0,112.8,14.9,3,Healthy
34,Male,100.0,80.0,240.0,0,28.8,Former,None,Medium,0,0,0,0,0,0,0,1,140.8,2.0,5,Healthy
79,Male,136.0,70.0,198.0,0,27.9,Never,Moderate,Low,0,0,0,0,0,0,0,0,147.1,20.4,0,Healthy
30,Male,123.0,69.0,255.0,0,34.1,Never,Moderate,High,0,1,0,0,1,0,1,0,132.1,16.0,8,Diabetes
76,Female,130.0,76.0,173.0,1,27.2,Never,Moderate,Low,0,0,0,0,1,0,0,0,92.4,6.0,1,Healthy
36,Female,99.0,75.0,198.0,0,24.1,Current,Moderate,High,0,0,0,0,0,0,0,0,78.3,2.0,1,Healthy
66,Female,104.0,80.0,,0,,Never,None,Low,1,0,0,1,0,1,0,1,,30.4,4,Healthy
29,Female,131.0,72.0,200.0,1,27.2,Never,High,Medium,0,1,0,0,0,1,1,0,168.6,27.3,3,Diabetes
78,Male,103.0,57.0,141.0,0,15.0,Never,None,Low,0,0,1,0,1,1,0,0,118.5,22.1,2,Healthy
36,Female,128.0,71.0,180.0,0,25.1,Current,Moderate,Low,1,0,1,1,0,0,0,0,173.8,8.2,4,Heart Disease
26,Male,95.0,83.0,143.0,0,25.0,Current,None,Low,0,0,1,0,0,0,0,0,106.4,2.0,6,Healthy
88,Male,135.0,72.0,228.0,0,19.2,Former,Moderate,Medium,1,0,0,1,0,0,0,0,102.2,22.6,9,Healthy
45,Female,98.0,73.0,229.0,0,21.4,Current,None,Medium,0,1,0,0,0,0,0,0,107.8,18.7,1,Healthy
69,Male,130.0,85.0,131.0,0,30.0,Never,Moderate,High,1,1,1,0,0,0,0,0,107.2,11.3,5,Healthy
33,Female,131.0,68.0,253.0,1,27.2,Current,Moderate,Low,0,1,0,0,0,0,0,0,86.8,26.2,3,Diabetes
86,Male,107.0,60.0,300.0,1,26.5,Never,None,Medium,0,1,0,0,0,0,1,0,75.5,23.5,1,Healthy
29,Female,130.0,73.0,202.0,0,27.5,Never,Moderate,Medium,0,1,1,0,0,0,1,0,125.0,16.8,0,Healthy
42,Female,125.0,70.0,174.0,0,26.5,Never,Moderate,Low,0,0,0,0,1,0,0,0,141.6,15.4,7,Healthy
69,Female,110.0,65.0,313.0,0,32.2,Never,Moderate,Medium,0,0,0,1,1,0,0,0,183.3,15.5,4,Diabetes
70,Female,102.0,73.0,147.0,0,26.6,Former,High,Medium,1,0,1,0,0,1,1,0,97.0,21.8,9,Healthy
40,Female,85.0,80.0,201.0,0,18.7,Never,None,Low,1,1,1,0,0,0,0,1,99.4,6.4,1,Healthy
33,Male,126.0,75.0,207.0,0,34.2,Current,None,Low,0,0,0,0,0,1,0,0,86.9,19.3,7,Healthy
74,Female,92.0,78.0,254.0,0,27.9,Never,None,Medium,0,0,0,0,1,0,1,0,143.8,5.8,2,Healthy
56,Male,122.0,93.0,214.0,0,23.1,Never,None,Low,1,0,0,0,0,0,0,0,134.4,28.4,6,Diabetes
70,Female,115.0,72.0,180.0,1,19.7,Never,None,Medium,1,0,1,0,0,0,0,0,83.7,20.3,1,Healthy
59,Female,132.0,78.0,162.0,0,28.0,Former,Moderate,High,0,0,0,0,0,0,0,0,82.9,8.1,6,Healthy
75,Female,115.0,70.0,186.0,1,25.4,Current,None,Medium,1,0,0,0,0,0,0,0,138.6,15.8,3,Diabetes
56,Male,114.0,67.0,160.0,1,33.9,Never,None,Medium,0,0,1,0,0,0,0,0,121.5,6.5,9,Diabetes
31,Male,133.0,69.0,202.0,0,24.3,Never,None,Low,0,0,0,0,0,0,0,0,132.8,30.0,0,Diabetes
22,Female,126.0,70.0,177.0,1,21.8,Never,Moderate,High,0,0,1,0,0,0,0,0,83.5,31.2,4,Diabetes
52,Male,126.0,79.0,140.0,0,30.5,Former,Moderate,Low,1,0,1,0,0,0,1,0,60.0,22.0,3,Healthy
35,Male,128.0,98.0,250.0,0,30.6,Current,None,Medium,0,1,0,1,0,0,0,0,83.8,30.6,7,Diabetes
26,Male,92.0,68.0,180.0,0,26.8,Never,Moderate,High,0,0,1,0,0,0,0,0,130.6,16.5,0,Healthy
75,Female,134.0,71.0,149.0,0,29.4,Current,None,Medium,0,0,0,0,1,0,0,0,173.3,22.6,1,Healthy
34,Female,131.0,74.0,193.0,0,25.8,Never,High,Medium,0,0,1,0,1,0,0,0,97.1,27.2,4,Healthy
24,Male,102.0,79.0,203.0,0,27.2,Never,Moderate,Medium,0,0,1,0,0,0,0,0,178.3,14.9,9,Healthy
63,Male,116.0,78.0,130.0,0,31.8,Current,None,Low,0,0,0,0,1,0,0,0,134.9,15.7,9,Diabetes
30,Male,119.0,88.0,213.0,0,29.1,Never,Moderate,Medium,0,0,1,0,0,0,0,0,68.2,24.3,1,Healthy
57,Female,118.0,51.0,158.0,0,25.2,Never,Moderate,Low,0,0,1,0,0,0,0,0,116.4,21.5,0,Healthy
59,Female,126.0,51.0,268.0,0,32.8,Never,None,Medium,1,0,0,0,0,0,0,0,135.9,7.4,5,Diabetes
26,Male,146.0,70.0,221.0,0,15.0,Never,Moderate,Low,0,0,0,0,0,0,0,0,60.0,2.0,9,Healthy
67,Male,139.0,86.0,184.0,0,36.3,Current,None,High,1,0,0,0,0,0,0,0,129.3,13.2,3,Diabetes
44,Male,96.0,59.0,170.0,0,17.5,Former,None,Low,0,0,0,0,0,0,0,0,145.2,2.0,4,Healthy
83,Female,131.0,45.0,196.0,0,22.9,Current,None,Medium,0,1,1,0,0,0,1,1,122.0,5.1,2,Healthy
22,Female,144.0,81.0,225.0,1,25.8,Never,None,Medium,0,0,1,0,0,0,1,0,108.1,6.3,9,Healthy
46,Male,127.0,77.0,199.0,0,25.3,Never,None,Medium,0,0,0,0,0,0,0,0,104.8,9.3,5,Healthy
54,Male,140.0,64.0,191.0,0,31.0,Never,High,Low,0,0,0,0,1,0,1,0,103.1,23.2,3,Healthy
55,Male,156.0,65.0,202.0,0,20.7,Never,None,Medium,1,0,0,1,0,0,0,1,74.7,25.4,5,Heart Disease
25,Female,138.0,65.0,176.0,1,27.3,Current,None,Low,1,0,0,0,0,0,1,0,89.4,20.1,4,Heart Disease
82,Male,124.0,76.0,186.0,0,23.1,Former,Moderate,Medium,0,0,0,0,0,0,0,0,97.5,21.3,1,Healthy
34,Female,139.0,69.0,117.0,0,27.5,Never,Moderate,Low,0,0,0,0,0,0,0,0,113.4,21.6,3,Healthy
88,Female,123.0,80.0,239.0,0,25.7,Current,High,Medium,1,0,0,0,0,0,0,0,93.3,2.0,1,Heart Disease
62,Male,120.0,46.0,212.0,0,26.5,Former,Moderate,Low,0,0,1,0,0,0,0,0,83.9,15.1,4,Healthy
21,Male,114.0,66.0,169.0,0,23.3,Never,High,High,0,0,0,0,0,0,0,0,132.8,2.0,2,Healthy
53,Male,148.0,64.0,276.0,0,23.4,Current,Moderate,Medium,1,0,0,0,0,0,0,0,121.1,20.1,5,Heart Disease
87,Female,105.0,72.0,203.0,1,27.4,Never,High,Low,1,1,0,0,0,0,0,0,93.8,2.0,4,Healthy
48,Female,148.0,70.0,159.0,0,30.7,Never,Moderate,Medium,0,0,1,0,0,0,0,0,125.2,13.2,1,Healthy
36,Female,129.0,83.0,234.0,0,23.0,Never,None,High,0,0,1,0,0,0,0,0,96.4,20.5,9,Healthy
78,Female,95.0,56.0,216.0,1,21.7,Never,None,Low,0,0,1,0,0,0,0,0,111.9,3.8,7,Healthy
71,Male,127.0,75.0,216.0,0,29.1,Never,Moderate,Medium,1,0,0,0,0,0,1,0,139.3,24.6,5,Healthy
56,Female,82.0,81.0,183.0,1,25.8,Never,None,Medium,1,0,0,0,0,0,0,0,91.9,20.1,8,Breast Cancer
36,Female,131.0,94.0,218.0,0,30.2,Never,None,Low,0,0,0,0,0,0,1,0,74.8,18.8,2,Healthy
56,Male,136.0,70.0,190.0,1,21.5,Former,Moderate,High,1,0,0,0,1,0,1,0,105.6,22.0,3,Healthy
84,Female,109.0,78.0,222.0,0,17.1,Current,High,Low,1,0,0,0,0,0,0,0,69.1,11.4,7,Heart Disease
62,Female,122.0,57.0,124.0,1,23.3,Former,None,Low,0,0,1,0,0,0,0,0,101.7,16.5,6,Healthy
30,Female,155.0,51.0,183.0,1,22.2,Never,Moderate,High,1,0,0,0,0,0,0,0,101.6,15.1,7,Heart Disease
75,Female,111.0,83.0,269.0,0,25.6,Never,Moderate,Medium,0,0,0,1,0,0,1,0,60.0,14.9,8,Healthy
37,Female,101.0,75.0,169.0,0,22.8,Never,High,High,0,0,1,0,0,0,0,0,125.9,8.3,7,Healthy
89,Female,147.0,87.0,176.0,0,29.7,Never,High,Medium,0,0,0,0,0,0,0,0,104.5,2.6,7,Healthy
78,Male,155.0,61.0,182.0,1,24.6,Never,Moderate,Medium,1,0,0,0,0,0,0,0,145.5,11.6,5,Diabetes
56,Male,120.0,80.0,151.0,0,26.8,Former,Moderate,High,0,0,0,0,0,0,1,0,116.5,11.1,1,Healthy
18,Female,138.0,94.0,112.0,0,26.8,Former,None,Low,0,0,0,0,0,0,0,0,132.1,7.6,6,Healthy
20,Male,144.0,79.0,191.0,0,27.0,Former,Moderate,Medium,1,0,1,0,0,0,1,1,145.7,23.5,3,Heart Disease
79,Male,107.0,78.0,205.0,0,25.9,Never,Moderate,Medium,0,0,0,0,0,0,0,0,106.0,3.3,2,Healthy
80,Male,111.0,75.0,198.0,0,28.6,Never,Moderate,Low,1,0,1,1,0,0,0,0,110.0,13.3,3,Healthy
42,Male,142.0,59.0,194.0,1,22.0,Former,Moderate,Medium,0,1,1,0,0,1,0,0,62.8,26.7,3,Diabetes
73,Female,150.0,89.0,202.0,0,33.0,Never,None,Low,0,0,1,0,1,0,1,0,147.2,24.1,2,Diabetes
50,Female,130.0,69.0,241.0,1,24.8,Never,Moderate,Medium,0,0,0,0,0,0,0,0,105.6,27.2,8,Diabetes
55,Male,104.0,80.0,192.0,0,19.4,Never,None,Medium,1,0,0,0,0,0,1,0,79.8,9.1,2,Healthy
23,Male,156.0,59.0,177.0,0,26.9,Never,None,High,0,0,0,0,0,0,0,0,132.2,22.8,1,Healthy
75,Male,110.0,63.0,189.0,0,21.7,Never,None,Low,0,0,0,0,0,0,0,0,60.0,4.4,0,Healthy
61,Female,114.0,89.0,223.0,0,29.3,Current,None,Medium,1,0,1,0,0,1,0,0,97.1,12.2,0,Heart Disease
62,Female,126.0,72.0,256.0,1,37.0,Current,Moderate,Low,0,1,0,0,0,0,0,0,137.2,13.2,4,Diabetes
49,Male,148.0,90.0,175.0,1,22.1,Never,None,Medium,1,1,1,0,1,0,0,0,96.9,9.2,4,Heart Disease
62,Female,135.0,74.0,204.0,0,27.7,Never,None,Medium,1,0,0,0,0,0,1,0,88.5,11.4,8,Healthy
78,Female,127.0,57.0,214.0,0,17.2,Former,High,Medium,0,0,0,0,0,0,1,0,97.5,10.1,3,Healthy
64,Female,128.0,84.0,160.0,0,28.3,Never,None,High,0,0,1,1,0,1,0,0,60.0,5.2,4,Healthy
38,Female,121.0,69.0,201.0,1,21.6,Never,None,High,0,0,0,0,0,0,0,0,131.5,23.6,5,Diabetes
53,Male,130.0,82.0,141.0,1,22.9,Never,None,Low,0,0,1,0,0,0,0,0,106.3,13.2,9,Healthy
36,Female,74.0,75.0,129.0,1,20.5,Never,None,Low,1,0,0,0,0,0,1,0,101.8,17.0,6,Healthy
37,Male,115.0,60.0,215.0,0,29.7,Former,None,Medium,1,0,1,0,0,1,0,0,101.9,16.6,8,Healthy
74,Female,124.0,77.0,185.0,0,31.0,Current,None,Medium,0,1,0,0,0,0,1,0,110.4,15.5,5,Healthy
35,Female,99.0,97.0,208.0,0,26.1,Never,Moderate,Low,0,0,1,0,0,0,0,1,129.6,15.9,0,Healthy
64,Female,127.0,80.0,199.0,0,21.7,Never,None,Medium,0,0,0,0,0,0,0,0,108.4,11.9,7,Healthy
66,Female,116.0,74.0,161.0,0,33.9,Never,None,Medium,0,0,0,1,0,0,1,0,69.2,29.2,1,Diabetes
31,Male,152.0,86.0,198.0,0,22.2,Never,Moderate,Low,0,0,1,0,0,0,0,0,127.3,22.6,8,Healthy
32,Female,148.0,77.0,151.0,0,15.2,Current,None,High,0,1,1,0,0,0,0,0,125.0,15.2,6,Heart Disease
48,Female,112.0,77.0,256.0,1,28.3,Former,High,Medium,0,1,0,0,0,0,1,0,116.2,10.5,6,Healthy
18,Female,117.0,64.0,146.0,1,20.5,Never,None,Low,0,0,0,1,1,1,0,0,142.3,13.8,9,Diabetes
71,Male,119.0,77.0,192.0,0,30.9,Former,None,Low,1,0,0,0,0,0,0,1,110.9,19.2,9,Healthy
20,Male,112.0,85.0,158.0,0,24.1,Current,Moderate,High,0,0,0,1,0,0,0,1,143.3,30.0,4,Diabetes
33,Male,124.0,67.0,223.0,0,29.0,Current,None,High,1,0,1,0,0,0,0,1,152.2,2.0,7,Heart Disease
74,Female,106.0,89.0,187.0,1,33.0,Never,None,Medium,0,0,0,0,0,1,0,0,127.5,21.6,9,Diabetes
29,Female,100.0,74.0,179.0,1,20.0,Never,Moderate,Low,1,0,0,0,0,0,0,1,87.6,26.3,0,Diabetes
33,Male,131.0,66.0,234.0,1,23.2,Former,None,High,0,0,0,0,0,0,0,0,106.1,2.0,2,Healthy
89,Female,131.0,85.0,201.0,1,25.6,Never,Moderate,Medium,1,0,0,0,0,1,0,0,147.2,13.2,8,Diabetes
41,Female,106.0,72.0,221.0,0,33.7,Current,High,High,1,0,1,0,0,0,0,0,65.1,4.4,0,Heart Disease
45,Female,136.0,83.0,161.0,0,22.7,Former,None,Medium,0,0,1,0,0,0,0,0,98.2,19.3,7,Healthy
25,Female,109.0,72.0,144.0,0,23.0,Current,Moderate,Low,0,0,0,0,1,0,0,0,99.7,11.4,5,Healthy
53,Female,125.0,74.0,204.0,0,28.4,Never,Moderate,Medium,1,0,1,0,0,0,0,0,84.0,13.7,9,Healthy
25,Female,135.0,80.0,187.0,1,23.1,Current,High,Low,1,0,0,0,1,0,0,0,136.2,10.9,4,Diabetes
75,Male,119.0,78.0,225.0,0,26.8,Never,Moderate,Low,1,0,0,0,1,0,0,0,121.3,22.2,5,Healthy
77,Female,128.0,55.0,197.0,0,18.2,Current,High,Medium,1,0,0,0,0,0,1,0,88.7,17.3,4,Heart Disease
67,Female,111.0,64.0,208.0,0,37.1,Never,None,High,0,1,0,0,0,0,0,0,128.2,17.3,8,Diabetes
45,Female,116.0,84.0,135.0,1,19.3,Never,Moderate,Medium,0,1,0,0,0,0,0,1,105.2,16.6,1,Healthy
58,Female,116.0,74.0,276.0,0,24.4,Former,None,Medium,0,0,0,0,0,0,0,0,83.3,20.7,9,Healthy
81,Female,107.0,70.0,193.0,0,25.8,Never,None,Low,1,0,1,0,0,0,0,0,88.6,12.4,5,Healthy
44,Male,117.0,61.0,228.0,0,35.6,Never,High,Low,0,0,1,0,0,0,0,0,123.1,32.0,3,Diabetes
80,Male,92.0,64.0,167.0,0,19.4,Current,None,Low,0,0,1,0,0,1,1,1,138.2,2.7,2,Healthy
34,Male,111.0,55.0,212.0,0,35.9,Never,High,Medium,1,0,0,0,0,0,0,0,95.4,2.0,4,Healthy
50,Male,115.0,74.0,148.0,1,29.8,Former,None,Medium,1,0,0,0,0,1,0,0,126.3,2.0,1,Diabetes
46,Female,115.0,69.0,218.0,0,28.1,Never,Moderate,Low,0,0,0,0,0,0,0,0,157.5,2.0,2,Healthy
30,Female,116.0,65.0,186.0,1,21.1,Current,None,High,0,0,0,1,0,0,0,1,72.2,21.7,6,Healthy
63,Male,119.0,74.0,201.0,0,28.9,Former,None,Low,0,0,0,0,0,0,0,0,120.7,20.5,0,Healthy
52,Male,129.0,79.0,228.0,0,22.4,Never,None,High,0,1,0,0,0,1,0,0,134.9,27.1,1,Diabetes
23,Female,136.0,96.0,151.0,1,32.3,Never,Moderate,Medium,1,0,0,0,0,1,0,0,107.1,4.4,2,Diabetes
86,Male,108.0,60.0,173.0,0,21.1,Never,None,Low,0,1,0,0,0,0,0,1,147.1,22.5,9,Healthy
64,Female,98.0,87.0,218.0,0,25.4,Never,Moderate,Medium,1,0,0,0,0,0,0,0,176.0,15.6,6,Breast Cancer
42,Female,101.0,85.0,284.0,1,23.2,Never,None,Medium,1,0,0,0,0,0,0,0,120.3,16.7,3,Heart Disease
83,Female,111.0,67.0,194.0,0,21.1,Former,None,Medium,0,0,0,0,0,0,0,0,103.0,21.3,7,Healthy
27,Male,114.0,77.0,224.0,1,29.7,Never,None,Medium,0,0,0,0,0,1,1,0,139.3,7.4,7,Diabetes
73,Male,106.0,70.0,196.0,0,28.7,Never,None,Low,0,0,1,0,0,0,0,0,135.3,40.9,0,Diabetes
47,Female,97.0,77.0,278.0,0,32.0,Former,Moderate,Medium,0,0,0,0,0,0,1,0,60.0,28.3,4,Diabetes
22,Female,112.0,90.0,130.0,0,17.1,Never,Moderate,High,0,0,1,0,0,0,0,1,109.9,9.7,0,Healthy
50,Male,123.0,81.0,204.0,1,31.3,Never,None,Low,1,0,0,1,0,0,0,0,98.2,4.1,6,Diabetes
82,Female,131.0,80.0,135.0,0,38.5,Never,Moderate,Low,0,0,0,0,0,0,0,1,121.9,14.1,3,Healthy
35,Male,110.0,71.0,100.0,1,23.7,Never,Moderate,High,1,0,1,0,0,0,1,0,104.2,16.8,7,Healthy
66,Female,113.0,60.0,212.0,1,35.5,Former,None,Low,0,0,0,0,0,0,0,1,107.4,25.7,7,Diabetes
28,Male,103.0,73.0,206.0,0,24.7,Former,None,Medium,0,1,0,0,0,0,0,0,84.1,3.3,8,Healthy
43,Female,119.0,87.0,189.0,0,19.1,Never,Moderate,Medium,1,0,1,0,0,0,0,0,132.0,17.9,5,Healthy
80,Male,105.0,60.0,196.0,0,24.5,Never,None,Medium,0,0,0,0,1,0,0,0,159.7,2.0,6,Healthy
76,Male,130.0,64.0,324.0,0,31.2,Never,None,Medium,0,0,0,0,1,0,0,0,84.6,19.4,6,Healthy
44,Male,88.0,76.0,190.0,0,21.8,Never,None,Low,0,1,1,0,0,0,0,0,68.1,13.9,4,Healthy
66,Male,114.0,65.0,220.0,0,23.0,Current,Moderate,Low,0,0,1,0,0,0,0,0,110.6,34.4,6,Healthy
50,Female,125.0,67.0,174.0,1,29.0,Never,None,Medium,1,0,0,0,0,0,0,0,109.1,2.0,8,Healthy
18,Female,123.0,71.0,212.0,1,26.0,Never,None,Medium,0,0,0,1,0,0,0,0,145.1,28.7,3,Diabetes
38,Male,168.0,61.0,190.0,1,28.9,Never,None,Medium,0,0,1,0,0,0,0,0,73.1,2.0,1,Healthy
72,Male,126.0,65.0,184.0,1,27.2,Former,None,Medium,0,0,0,0,0,0,0,0,93.9,2.0,7,Healthy
23,Female,102.0,82.0,273.0,0,28.4,Former,None,Low,1,0,0,0,0,0,0,0,60.0,2.0,6,Heart Disease
86,Female,118.0,62.0,247.0,0,23.8,Former,High,Low,0,1,0,0,0,1,0,0,151.2,17.5,5,Healthy
22,Female,88.0,59.0,205.0,1,27.2,Current,None,High,0,0,1,0,1,0,0,0,117.5,3.3,6,Healthy
20,Male,119.0,69.0,108.0,0,21.4,Never,Moderate,Medium,0,1,0,0,0,0,0,0,96.1,2.0,2,Healthy
70,Male,105.0,82.0,186.0,1,32.4,Never,None,Low,0,1,1,0,0,0,0,0,70.3,17.0,5,Diabetes
40,Female,136.0,73.0,308.0,0,22.8,Never,Moderate,Low,0,0,0,0,0,0,0,0,73.1,19.5,9,Healthy
70,Male,110.0,70.0,191.0,0,31.6,Former,Moderate,Low,0,0,0,0,0,0,0,0,122.4,15.4,6,Healthy
54,Female,118.0,75.0,244.0,1,24.8,Former,None,Low,0,0,1,0,0,0,0,0,76.8,13.4,6,Healthy
34,Male,109.0,58.0,258.0,1,27.0,Never,Moderate,High,0,1,1,0,0,0,0,0,113.1,33.3,4,Diabetes
18,Female,151.0,80.0,209.0,0,23.5,Former,None,High,0,0,0,0,1,0,0,0,171.3,16.5,2,Healthy
68,Male,114.0,79.0,166.0,1,20.9,Former,Moderate,High,1,0,0,0,0,0,0,0,99.6,23.1,1,Healthy
62,Female,153.0,71.0,103.0,0,17.3,Current,None,High,1,0,1,0,0,0,1,0,81.2,16.4,6,Heart Disease
21,Female,135.0,85.0,227.0,0,20.7,Never,High,High,0,1,0,0,0,0,0,0,121.5,4.0,3,Healthy
79,Female,129.0,64.0,167.0,1,24.4,Former,Moderate,Medium,0,0,0,0,0,0,0,0,73.2,20.5,1,Healthy
82,Male,127.0,86.0,,0,,Never,High,Low,0,0,0,0,0,0,0,0,,8.4,7,Healthy
49,Female,127.0,77.0,150.0,0,31.1,Former,Moderate,Medium,1,0,1,0,0,0,0,0,152.1,14.1,1,Diabetes
51,Female,85.0,72.0,189.0,0,23.8,Current,None,Low,0,0,1,0,0,0,1,0,105.1,18.1,5,Healthy
89,Female,115.0,75.0,201.0,0,21.6,Never,Moderate,Low,1,0,1,0,0,0,1,0,83.1,2.0,3,Healthy
56,Female,135.0,74.0,211.0,0,18.8,Former,Moderate,Low,0,1,0,0,0,0,0,0,97.2,2.0,8,Healthy
43,Female,119.0,87.0,155.0,0,28.4,Former,High,Medium,0,0,0,0,0,0,1,0,101.1,24.1,4,Healthy
51,Female,95.0,64.0,248.0,0,32.9,Never,None,Low,1,0,0,0,0,1,0,0,121.5,8.4,3,Heart Disease
71,Male,119.0,67.0,176.0,1,32.3,Never,Moderate,Low,1,0,0,0,1,1,0,0,141.2,8.8,7,Diabetes
20,Female,151.0,85.0,133.0,0,29.5,Never,None,Medium,1,0,0,0,0,0,1,0,78.9,16.7,2,Heart Disease
67,Female,142.0,69.0,196.0,1,29.2,Current,Moderate,High,0,0,0,0,0,0,0,0,140.3,11.1,8,Diabetes
29,Male,119.0,84.0,201.0,0,34.5,Current,None,Medium,0,0,0,0,0,0,1,0,128.5,19.2,7,Diabetes
82,Male,137.0,92.0,206.0,0,27.7,Never,None,High,0,0,0,0,0,0,0,0,94.8,14.5,7,Healthy
71,Male,113.0,71.0,254.0,0,29.2,Never,High,Low,0,0,0,0,0,0,0,0,77.4,17.0,9,Healthy
22,Female,89.0,82.0,191.0,0,24.4,Never,None,Low,0,0,1,1,0,0,1,0,113.5,8.0,4,Healthy
74,Female,103.0,63.0,195.0,0,19.2,Never,Moderate,Medium,0,0,0,0,0,1,0,0,78.2,16.9,0,Healthy
34,Female,148.0,83.0,156.0,0,22.6,Never,Moderate,Medium,0,0,0,0,0,0,0,1,140.7,26.1,9,Diabetes
64,Female,115.0,77.0,233.0,0,26.0,Never,None,Medium,0,0,0,0,0,0,0,0,76.3,9.3,8,Healthy
40,Male,116.0,80.0,207.0,0,26.3,Never,None,Medium,1,0,1,0,0,0,0,0,126.4,24.2,1,Healthy
31,Male,115.0,69.0,183.0,0,35.6,Never,Moderate,Medium,1,0,0,0,0,0,1,0,107.6,14.5,0,Healthy
83,Male,154.0,58.0,124.0,0,26.4,Current,None,High,0,0,0,1,0,0,0,1,93.2,22.3,5,Heart Disease
68,Male,149.0,80.0,258.0,0,31.9,Current,Moderate,Low,0,0,0,0,0,0,0,0,106.9,16.3,0,Heart Disease
55,Male,160.0,54.0,151.0,1,23.8,Former,High,Low,0,0,0,0,1,0,0,0,142.4,14.7,9,Diabetes
81,Male,117.0,72.0,176.0,0,24.4,Current,None,Medium,1,0,1,0,0,1,1,1,74.2,18.5,9,Heart Disease
55,Female,125.0,84.0,214.0,0,19.4,Never,None,Low,0,0,0,0,0,0,0,0,97.6,27.1,9,Healthy
67,Female,93.0,77.0,152.0,0,22.3,Never,None,Low,1,0,0,0,0,0,0,0,87.4,17.4,6,Breast Cancer
47,Female,147.0,94.0,140.0,1,28.6,Never,Moderate,Low,1,0,0,0,0,0,0,0,108.8,19.8,6,Heart Disease
68,Female,99.0,85.0,115.0,0,26.0,Former,None,Low,0,0,0,0,0,0,1,0,89.5,11.3,0,Healthy
80,Female,124.0,68.0,229.0,1,30.7,Current,None,Low,0,0,0,0,0,0,1,1,60.0,30.7,9,Diabetes
69,Male,100.0,75.0,178.0,0,26.9,Former,Moderate,Low,1,0,0,0,0,0,0,0,78.3,21.4,4,Healthy
55,Female,109.0,75.0,317.0,1,24.2,Current,High,Medium,0,0,1,0,0,0,0,1,159.1,15.8,2,Diabetes
47,Female,105.0,59.0,160.0,1,36.7,Former,None,Medium,0,0,1,0,0,0,0,0,117.4,13.8,1,Diabetes
68,Male,109.0,66.0,163.0,1,25.5,Never,None,Medium,1,0,1,0,0,1,0,0,116.4,24.8,4,Healthy
22,Male,110.0,69.0,177.0,0,31.8,Never,High,Medium,0,0,0,0,1,0,1,0,101.5,8.9,4,Healthy
46,Female,110.0,55.0,210.0,0,24.0,Never,Moderate,Low,1,0,0,0,0,0,0,0,108.5,2.0,1,Breast Cancer
21,Male,135.0,75.0,181.0,0,29.5,Never,Moderate,Low,1,1,0,0,0,0,0,0,97.1,15.7,5,Healthy
27,Female,100.0,73.0,224.0,0,30.6,Former,Moderate,Low,1,0,0,0,0,0,0,0,125.8,26.9,6,Diabetes
73,Female,124.0,58.0,161.0,1,27.0,Never,High,High,0,0,0,1,0,0,1,0,113.0,30.9,0,Diabetes
34,Male,142.0,79.0,145.0,0,15.0,Never,Moderate,Medium,0,0,1,1,0,0,0,1,74.9,13.9,2,Healthy
34,Male,111.0,82.0,128.0,0,26.1,Never,Moderate,Low,0,0,0,0,0,0,0,0,117.6,15.4,3,Healthy
86,Male,107.0,77.0,111.0,0,32.2,Never,Moderate,Low,1,0,1,1,0,0,0,0,60.0,20.2,1,Healthy
51,Male,116.0,72.0,179.0,0,28.6,Never,Moderate,High,1,0,0,0,0,0,1,0,122.4,12.4,9,Healthy
23,Male,141.0,81.0,188.0,0,28.2,Never,None,Medium,0,0,0,0,0,0,0,0,67.7,20.2,4,Healthy
70,Female,123.0,82.0,175.0,1,17.4,Never,None,High,0,0,0,0,0,0,0,0,107.1,14.1,3,Healthy
83,Male,110.0,78.0,250.0,0,22.4,Current,Moderate,Low,0,0,0,0,0,1,0,1,74.2,25.1,1,Heart Disease
60,Female,129.0,67.0,249.0,0,28.1,Never,None,Low,1,0,0,0,0,0,0,0,110.1,22.2,0,Heart Disease
40,Male,100.0,78.0,187.0,0,28.1,Former,Moderate,Medium,1,0,1,0,0,0,0,0,127.3,23.1,7,Healthy
72,Female,132.0,87.0,128.0,0,32.1,Current,None,Medium,1,0,1,0,0,0,0,0,155.1,12.9,1,Diabetes
33,Male,127.0,69.0,177.0,0,25.3,Current,Moderate,Medium,1,1,0,0,0,0,0,0,63.8,34.3,3,Heart Disease
25,Male,114.0,96.0,176.0,0,28.0,Current,None,Medium,1,0,0,0,0,1,0,0,139.3,19.8,9,Heart Disease
21,Female,105.0,70.0,174.0,1,26.1,Never,Moderate,Medium,1,1,1,0,0,0,1,0,113.9,17.5,4,Healthy
21,Female,104.0,75.0,172.0,1,21.1,Never,Moderate,Medium,0,0,1,1,0,0,1,0,96.5,7.4,1,Healthy
73,Male,130.0,68.0,174.0,1,15.0,Never,None,Low,0,0,0,0,1,0,0,0,132.8,14.0,9,Diabetes
42,Female,142.0,77.0,185.0,0,28.2,Never,Moderate,Low,1,0,1,0,1,0,0,0,102.9,16.1,8,Heart Disease
84,Male,109.0,58.0,175.0,1,26.9,Current,None,High,0,0,0,0,1,0,0,0,131.5,7.1,1,Diabetes
84,Female,128.0,70.0,208.0,1,22.9,Former,None,Low,0,0,0,0,0,0,0,0,80.2,12.1,5,Healthy
44,Male,82.0,64.0,214.0,1,17.9,Never,None,Medium,0,0,0,0,0,0,0,0,91.0,13.3,6,Healthy
49,Male,109.0,76.0,164.0,0,29.1,Never,None,Medium,0,1,0,0,0,0,0,0,138.3,15.6,5,Healthy
67,Female,119.0,85.0,251.0,1,24.7,Never,High,High,0,0,0,0,0,0,0,0,154.6,2.0,3,Diabetes
78,Female,104.0,81.0,161.0,1,28.8,Former,None,Medium,0,0,0,0,0,0,0,0,108.9,13.6,0,Healthy
68,Male,103.0,51.0,135.0,1,35.3,Former,Moderate,Medium,0,0,0,0,0,0,0,0,60.0,11.2,1,Diabetes
36,Female,108.0,95.0,215.0,0,15.3,Current,None,High,0,0,1,0,0,0,0,0,104.0,14.8,9,Healthy
38,Female,125.0,78.0,167.0,1,22.5,Current,Moderate,High,0,0,1,0,0,0,0,0,111.0,25.4,9,Diabetes
22,Male,117.0,67.0,213.0,1,25.0,Never,None,Medium,1,0,0,0,0,1,0,0,103.0,35.5,5,Diabetes
59,Female,80.0,77.0,104.0,0,33.3,Never,Moderate,Medium,0,1,0,0,0,0,0,0,120.1,21.8,7,Healthy
78,Male,82.0,77.0,256.0,0,17.8,Never,Moderate,Low,0,0,0,0,0,0,0,0,95.7,2.7,2,Healthy
39,Female,109.0,68.0,227.0,1,35.7,Never,Moderate,Medium,0,0,0,0,0,0,0,0,135.2,11.5,6,Diabetes
38,Female,128.0,77.0,140.0,0,26.7,Current,None,High,0,0,0,0,0,0,0,0,75.0,21.0,8,Healthy
87,Female,71.0,69.0,141.0,0,25.5,Never,Moderate,High,0,1,0,0,0,1,0,0,147.1,19.8,3,Healthy
18,Male,111.0,71.0,267.0,0,25.0,Former,None,Low,1,0,0,1,1,0,0,0,156.5,24.9,6,Heart Disease
22,Male,111.0,68.0,171.0,1,23.8,Never,None,Medium,1,1,0,0,0,0,0,0,82.6,14.0,6,Healthy
29,Male,145.0,61.0,167.0,0,31.2,Never,None,Medium,0,0,0,0,0,1,0,0,82.6,11.4,9,Healthy
63,Male,113.0,76.0,109.0,0,20.7,Never,None,High,0,0,1,0,0,0,1,1,122.3,32.5,8,Healthy
51,Male,127.0,81.0,186.0,0,27.7,Never,None,Medium,0,0,0,0,0,0,0,0,74.4,15.6,2,Healthy
66,Female,123.0,80.0,191.0,1,24.1,Former,Moderate,Medium,1,0,0,0,1,0,0,0,95.2,4.8,0,Healthy
62,Male,82.0,83.0,229.0,0,22.2,Never,None,Low,1,0,0,0,0,0,0,0,143.1,29.8,7,Diabetes
44,Male,134.0,78.0,144.0,1,38.9,Former,None,Medium,0,0,0,0,0,0,0,0,132.1,2.0,3,Diabetes
43,Female,124.0,70.0,139.0,1,28.1,Current,None,Low,0,0,0,0,0,0,0,0,169.4,2.0,1,Diabetes
64,Male,129.0,83.0,218.0,0,29.1,Never,Moderate,High,1,0,1,0,0,0,0,0,115.1,22.7,4,Healthy
73,Female,191.0,61.0,240.0,0,31.7,Former,Moderate,Medium,1,0,0,0,1,0,0,0,91.7,24.1,3,Heart Disease
80,Male,82.0,66.0,137.0,0,18.9,Never,None,Medium,0,1,1,1,0,0,0,0,111.5,19.1,0,Healthy
65,Female,151.0,65.0,243.0,0,34.8,Former,Moderate,Medium,1,0,0,0,0,0,0,0,105.5,2.0,6,Heart Disease
78,Male,115.0,86.0,202.0,0,15.0,Former,Moderate,High,0,0,0,0,0,0,0,0,105.9,14.4,3,Healthy
43,Male,125.0,84.0,244.0,1,22.2,Current,None,Low,0,0,0,0,1,0,1,0,109.3,12.2,7,Heart Disease
53,Female,119.0,80.0,197.0,1,23.7,Never,Moderate,Low,1,0,0,0,1,0,0,0,82.0,9.6,8,Healthy
18,Male,112.0,86.0,99.0,0,28.9,Never,Moderate,High,0,0,0,1,0,0,0,0,118.5,29.1,7,Healthy
25,Female,110.0,66.0,194.0,0,27.1,Never,Moderate,High,1,0,1,0,0,0,0,0,67.7,4.5,0,Healthy
69,Male,126.0,78.0,242.0,0,25.2,Never,None,High,0,0,0,0,0,0,0,0,88.5,18.2,7,Healthy
64,Male,93.0,74.0,164.0,0,25.9,Former,None,Low,0,0,0,1,1,0,0,0,106.4,26.9,4,Healthy
73,Female,134.0,83.0,184.0,0,21.1,Current,None,Low,0,0,1,0,0,0,0,0,60.0,18.8,0,Healthy
31,Male,113.0,74.0,193.0,1,18.5,Never,Moderate,Low,0,0,0,0,0,0,1,0,133.1,27.4,8,Diabetes
45,Female,100.0,71.0,84.0,1,29.6,Never,Moderate,Low,0,0,0,0,0,0,0,0,60.0,20.6,8,Healthy
19,Female,112.0,80.0,267.0,0,29.5,Never,None,Medium,1,1,0,0,0,0,0,0,130.1,19.3,6,Heart Disease
43,Female,143.0,84.0,164.0,1,33.9,Never,None,Low,0,0,0,0,0,0,0,0,71.2,18.7,6,Diabetes
31,Female,110.0,68.0,220.0,0,22.0,Never,Moderate,Medium,1,0,0,0,0,0,0,0,97.9,21.1,0,Healthy
76,Male,126.0,74.0,197.0,1,29.5,Never,Moderate,Low,0,0,0,0,1,0,0,0,125.6,11.1,8,Healthy
73,Male,107.0,64.0,250.0,0,24.6,Former,Moderate,Low,1,0,0,0,0,1,0,0,175.9,2.0,0,Heart Disease
24,Male,134.0,50.0,216.0,0,32.0,Never,Moderate,High,0,0,0,0,0,0,0,0,113.5,24.5,6,Healthy
20,Female,132.0,77.0,191.0,1,31.1,Never,Moderate,Low,0,0,0,1,0,0,1,1,60.0,26.6,8,Diabetes
40,Female,153.0,81.0,164.0,0,27.1,Former,None,Low,0,1,0,0,0,0,0,0,138.6,17.5,8,Healthy
35,Male,117.0,78.0,232.0,1,24.3,Never,None,Low,0,0,0,0,1,0,0,0,103.0,9.5,4,Healthy
55,Female,132.0,56.0,125.0,0,30.8,Former,None,Low,0,1,1,0,0,1,0,0,112.1,2.0,5,Healthy
32,Male,122.0,71.0,226.0,0,29.2,Former,Moderate,Medium,0,0,0,0,0,0,0,0,126.7,15.9,1,Healthy
81,Female,143.0,53.0,156.0,0,22.6,Former,None,Low,1,0,1,0,0,1,0,0,60.0,2.0,1,Heart Disease
45,Male,107.0,89.0,250.0,0,19.4,Never,None,Medium,1,0,0,0,0,0,0,0,110.2,2.0,9,Heart Disease
56,Female,133.0,64.0,206.0,0,24.6,Never,None,High,1,0,0,0,1,0,0,0,97.7,14.8,8,Healthy
74,Female,116.0,88.0,,0,,Current,None,Medium,0,0,0,1,0,0,1,0,,7.4,0,Diabetes
34,Male,119.0,84.0,203.0,0,31.7,Former,Moderate,Low,1,1,1,0,1,0,0,0,131.8,18.5,9,Diabetes
61,Male,122.0,66.0,130.0,0,20.4,Never,None,Medium,1,1,0,0,0,0,0,0,61.2,13.4,4,Healthy
42,Male,125.0,64.0,166.0,1,20.2,Never,None,Low,0,1,1,0,0,0,0,0,147.9,8.9,6,Diabetes
34,Male,118.0,79.0,227.0,0,32.4,Never,Moderate,Medium,0,0,1,0,0,0,0,0,123.5,2.0,9,Healthy
30,Male,124.0,67.0,207.0,1,20.3,Never,None,Medium,0,1,0,0,0,0,0,0,63.6,6.5,5,Healthy
42,Female,148.0,76.0,247.0,0,28.5,Never,Moderate,Low,0,0,0,0,0,0,0,0,111.7,6.8,5,Heart Disease
85,Female,138.0,70.0,216.0,0,22.9,Never,Moderate,High,0,1,0,0,0,0,0,0,141.0,2.7,5,Healthy
27,Female,136.0,57.0,161.0,0,34.1,Never,High,High,0,0,0,0,0,0,0,1,73.6,11.7,7,Healthy
84,Male,112.0,53.0,168.0,0,22.1,Former,Moderate,High,1,0,0,0,0,0,0,0,151.3,3.5,6,Healthy
35,Female,104.0,77.0,204.0,0,31.7,Never,None,Low,0,1,1,0,0,0,0,0,64.6,13.4,4,Healthy
51,Female,137.0,69.0,107.0,0,26.9,Former,Moderate,Medium,0,1,0,0,0,0,0,0,86.3,17.4,9,Healthy
25,Male,136.0,69.0,267.0,0,27.3,Former,None,High,1,0,0,0,0,0,0,0,81.7,6.7,1,Heart Disease
57,Female,147.0,82.0,218.0,0,16.1,Never,None,Low,1,0,0,0,0,0,0,0,151.3,19.3,9,Heart Disease
59,Female,109.0,87.0,249.0,1,15.0,Former,None,High,1,0,1,0,0,0,0,0,95.3,2.0,5,Heart Disease
58,Male,116.0,72.0,137.0,0,24.9,Former,None,Low,0,0,0,0,0,1,0,0,75.1,3.9,9,Healthy
23,Male,90.0,72.0,250.0,0,27.2,Never,Moderate,Low,0,0,1,0,0,0,0,0,123.4,13.9,4,Healthy
69,Female,113.0,80.0,289.0,0,20.4,Never,None,Medium,0,0,1,0,0,0,0,1,129.8,21.9,3,Healthy
43,Male,138.0,61.0,147.0,1,20.6,Never,Moderate,Medium,0,0,0,0,0,0,0,0,130.0,23.7,9,Diabetes
81,Female,112.0,77.0,231.0,0,28.8,Current,None,Medium,0,0,0,0,0,0,0,0,101.9,31.1,4,Healthy
76,Female,132.0,81.0,200.0,0,28.8,Former,None,High,0,0,0,0,0,0,0,0,117.6,11.2,8,Healthy
73,Female,117.0,82.0,138.0,0,25.3,Never,High,Low,1,0,0,1,0,0,0,0,90.5,13.7,1,Healthy
76,Male,126.0,56.0,220.0,0,29.9,Former,None,Low,0,0,1,0,0,0,1,0,160.2,4.7,5,Healthy
87,Male,99.0,67.0,233.0,0,20.1,Never,Moderate,High,0,0,0,0,0,0,0,0,144.3,2.5,8,Healthy
50,Female,122.0,66.0,176.0,1,24.2,Never,None,Low,0,0,0,1,0,0,0,0,142.5,17.3,9,Diabetes
70,Female,66.0,76.0,247.0,0,34.2,Former,None,Medium,1,0,0,0,0,0,0,0,133.8,7.2,4,Diabetes
39,Male,117.0,80.0,133.0,0,26.3,Never,None,Medium,0,0,0,0,0,0,1,0,125.6,27.3,5,Healthy
38,Female,91.0,90.0,140.0,0,26.6,Current,Moderate,Low,0,0,0,0,0,0,0,0,72.7,2.0,9,Healthy
87,Female,142.0,70.0,205.0,0,37.5,Former,None,Low,0,0,0,0,0,0,0,0,129.0,19.9,3,Diabetes
87,Male,134.0,70.0,,0,,Former,None,Medium,0,0,1,1,0,0,1,0,,4.9,4,Healthy
21,Male,128.0,86.0,171.0,0,30.0,Never,None,High,0,1,0,0,0,0,0,1,147.9,6.8,7,Healthy
79,Female,147.0,78.0,232.0,0,34.3,Current,Moderate,Medium,0,0,0,0,0,0,0,0,134.2,20.4,0,Diabetes
79,Male,103.0,88.0,221.0,0,24.4,Current,Moderate,Medium,0,0,1,0,0,0,1,0,126.5,8.2,0,Healthy
41,Male,151.0,78.0,234.0,0,30.3,Never,Moderate,Medium,1,0,1,0,0,0,0,0,60.0,9.8,9,Heart Disease
72,Male,137.0,63.0,195.0,1,21.1,Never,None,Low,0,0,0,0,0,0,0,0,107.3,6.9,3,Healthy
26,Male,116.0,62.0,224.0,0,22.6,Never,Moderate,Low,1,0,0,1,0,1,0,1,93.3,32.9,9,Healthy
20,Female,140.0,59.0,182.0,0,27.9,Former,Moderate,Medium,0,0,0,1,1,0,0,0,117.6,8.8,2,Healthy
48,Female,100.0,82.0,282.0,0,30.0,Former,Moderate,Low,0,0,0,0,0,0,0,0,97.5,15.5,4,Healthy
57,Male,105.0,87.0,167.0,0,31.6,Never,Moderate,Low,0,0,1,0,0,0,0,0,101.7,13.0,9,Healthy
53,Female,109.0,93.0,284.0,0,33.8,Current,Moderate,Medium,0,0,0,0,0,0,0,0,123.8,17.2,7,Heart Disease
41,Female,110.0,83.0,201.0,0,25.7,Never,None,Medium,0,0,1,1,0,0,0,0,97.0,8.9,0,Healthy
23,Female,101.0,87.0,145.0,1,32.0,Former,Moderate,Low,0,0,0,0,1,0,1,0,113.6,13.0,4,Diabetes
83,Male,142.0,69.0,255.0,1,24.3,Never,High,Medium,1,1,0,0,0,0,0,0,64.4,18.9,4,Heart Disease
21,Male,115.0,63.0,205.0,0,30.5,Never,None,Medium,1,0,0,0,0,0,0,0,85.0,6.4,1,Healthy
23,Female,126.0,84.0,234.0,1,27.0,Never,None,Low,1,0,0,0,0,0,0,0,129.7,25.9,4,Diabetes
68,Female,110.0,79.0,249.0,1,28.2,Never,High,High,0,0,0,0,0,0,0,0,73.1,26.9,7,Diabetes
79,Male,87.0,76.0,214.0,0,28.1,Former,None,Low,0,1,0,0,0,0,0,0,147.4,21.1,9,Healthy
74,Male,125.0,79.0,176.0,1,18.0,Never,Moderate,High,0,0,0,0,0,0,0,0,139.2,15.7,6,Diabetes
83,Male,86.0,78.0,239.0,0,20.4,Never,None,Low,0,0,1,0,0,0,0,0,102.0,2.0,1,Healthy
25,Female,119.0,88.0,200.0,0,26.5,Never,None,High,0,0,0,0,0,0,0,0,200.0,19.2,5,Healthy
43,Female,95.0,88.0,227.0,0,17.6,Never,None,Low,0,0,1,0,0,0,0,0,147.3,11.1,9,Healthy
68,Female,156.0,80.0,114.0,0,30.2,Former,None,Medium,1,0,0,0,0,0,0,0,81.5,12.5,0,Heart Disease
62,Male,136.0,83.0,218.0,0,30.4,Former,None,Low,0,0,1,0,0,0,0,0,132.4,2.0,9,Diabetes
61,Female,122.0,80.0,174.0,0,27.6,Never,None,Medium,0,1,1,0,0,0,0,0,112.0,19.9,9,Healthy
22,Female,143.0,70.0,266.0,1,20.4,Never,Moderate,Medium,0,1,0,0,0,0,0,0,86.7,2.0,2,Heart Disease
87,Male,105.0,83.0,225.0,1,32.9,Never,High,Low,0,0,1,0,0,0,0,0,77.9,16.2,5,Diabetes
43,Female,130.0,61.0,210.0,1,36.2,Current,None,Medium,1,1,0,0,0,0,0,0,139.8,24.0,8,Diabetes
85,Female,124.0,86.0,219.0,1,26.7,Current,Moderate,Low,0,0,1,0,0,0,0,0,92.1,10.3,0,Healthy
36,Male,125.0,63.0,160.0,1,28.6,Former,Moderate,High,1,0,0,0,0,1,0,0,106.9,27.2,5,Diabetes
37,Female,143.0,78.0,265.0,0,27.0,Current,Moderate,Low,0,0,0,0,1,0,0,0,82.4,7.5,1,Heart Disease
29,Male,133.0,67.0,280.0,0,28.7,Current,Moderate,Medium,0,0,0,0,0,0,1,0,87.6,21.0,8,Heart Disease
64,Female,125.0,81.0,216.0,0,25.4,Current,None,Medium,1,0,0,1,0,0,0,0,106.2,2.0,1,Heart Disease
18,Female,90.0,75.0,264.0,1,25.8,Never,None,Low,0,0,0,0,0,1,0,0,121.6,25.3,2,Diabetes
31,Female,103.0,59.0,177.0,0,30.5,Never,None,Low,0,0,1,0,0,0,0,0,60.0,23.8,1,Healthy
81,Female,118.0,79.0,168.0,1,37.7,Never,None,Medium,0,0,1,0,0,0,1,0,110.5,19.7,3,Diabetes
55,Male,122.0,69.0,202.0,0,19.0,Never,Moderate,Medium,0,1,0,1,0,0,0,0,87.6,11.1,3,Healthy
54,Female,100.0,84.0,217.0,0,25.5,Former,None,High,1,0,1,0,0,0,1,0,152.1,2.0,9,Healthy
28,Female,163.0,75.0,184.0,1,20.1,Never,Moderate,Low,1,1,1,1,0,0,1,0,198.3,11.1,0,Diabetes
20,Male,147.0,79.0,222.0,0,34.0,Never,High,Medium,1,0,0,0,0,0,1,0,99.2,26.1,7,Diabetes
50,Female,131.0,65.0,212.0,0,23.1,Never,High,Low,0,1,0,0,0,0,1,0,60.0,16.3,4,Healthy
23,Female,121.0,69.0,160.0,0,18.8,Never,High,Low,0,0,0,0,0,0,0,0,113.5,2.0,7,Healthy
67,Male,116.0,70.0,221.0,0,29.2,Never,None,Medium,0,0,1,0,0,0,1,0,103.8,3.8,5,Healthy
27,Female,103.0,84.0,235.0,1,34.7,Current,Moderate,Low,1,1,1,0,0,1,0,0,169.1,27.5,1,Diabetes
22,Female,121.0,92.0,207.0,0,29.3,Former,None,Medium,1,0,0,0,0,0,1,0,160.0,19.9,6,Healthy
40,Male,125.0,67.0,246.0,0,27.0,Former,Moderate,Medium,0,0,0,0,0,0,0,1,136.0,2.7,9,Healthy
27,Female,98.0,86.0,151.0,0,28.0,Never,Moderate,Medium,0,0,1,0,0,0,0,0,92.4,2.0,8,Healthy
61,Male,126.0,53.0,219.0,1,33.1,Never,Moderate,High,0,0,1,0,0,0,0,1,130.3,8.7,6,Diabetes
19,Male,117.0,63.0,153.0,0,21.6,Never,None,Medium,0,1,1,0,1,0,0,0,118.0,2.0,4,Healthy
30,Male,86.0,65.0,155.0,0,25.4,Current,Moderate,Medium,0,0,0,0,0,0,0,0,117.2,13.4,3,Healthy
57,Female,105.0,61.0,175.0,1,23.7,Never,None,Medium,0,1,0,1,1,0,0,0,63.3,39.5,7,Diabetes
19,Female,113.0,59.0,162.0,0,20.2,Never,None,Medium,0,0,0,0,0,0,1,0,141.9,2.0,5,Healthy
82,Male,154.0,79.0,178.0,1,24.4,Former,Moderate,Low,1,0,0,0,0,0,0,0,113.2,13.1,4,Heart Disease
80,Male,130.0,73.0,191.0,0,31.5,Never,None,Low,1,0,1,0,1,0,0,0,107.0,28.1,6,Diabetes
34,Female,96.0,79.0,233.0,0,28.8,Never,High,Low,1,0,0,0,0,1,0,0,92.0,22.5,2,Healthy
26,Male,129.0,82.0,187.0,0,29.2,Never,None,Medium,0,0,1,0,1,0,0,0,86.2,13.5,8,Healthy
32,Female,92.0,78.0,137.0,1,26.7,Never,Moderate,High,0,0,0,0,0,0,0,0,119.5,13.5,3,Healthy
41,Female,139.0,82.0,246.0,1,28.6,Never,None,Low,0,0,1,0,1,0,1,0,60.0,3.4,3,Healthy
55,Female,112.0,74.0,167.0,0,22.0,Never,Moderate,Low,0,0,0,0,0,0,0,1,133.7,12.3,7,Healthy
52,Female,118.0,63.0,198.0,0,24.5,Former,Moderate,High,0,0,0,0,0,0,0,0,78.4,17.4,5,Healthy
66,Male,144.0,86.0,218.0,1,27.0,Current,High,High,1,0,0,0,1,0,0,0,60.0,26.1,0,Diabetes
86,Female,97.0,69.0,208.0,0,27.4,Never,None,Medium,0,0,0,0,0,0,1,0,164.7,8.8,1,Healthy
79,Female,95.0,66.0,244.0,1,27.6,Current,High,Low,1,0,1,0,0,0,0,0,84.3,13.1,8,Heart Disease
77,Female,109.0,73.0,219.0,0,25.3,Never,None,Low,1,0,0,0,0,0,0,0,88.3,5.5,5,Healthy
67,Male,139.0,66.0,166.0,1,24.1,Never,None,Low,1,0,0,0,0,1,0,0,144.0,17.3,6,Diabetes
26,Female,93.0,71.0,287.0,0,41.8,Never,None,Low,1,0,1,1,1,0,0,0,165.6,22.8,8,Diabetes
51,Male,69.0,78.0,208.0,0,30.5,Former,Moderate,Low,0,0,1,0,0,0,1,0,64.0,21.3,2,Healthy
52,Male,112.0,78.0,194.0,0,28.1,Never,None,Medium,1,0,0,0,0,0,0,0,81.3,3.3,4,Healthy
18,Male,130.0,66.0,239.0,1,24.8,Former,Moderate,Low,0,0,1,0,0,0,0,0,83.5,16.5,4,Healthy
57,Female,142.0,70.0,210.0,0,23.7,Former,Moderate,Low,1,1,0,0,0,0,0,0,138.0,8.2,9,Heart Disease
81,Female,112.0,86.0,216.0,0,25.3,Never,None,Low,0,0,0,1,0,0,0,0,159.2,25.1,6,Diabetes
39,Female,113.0,80.0,300.0,0,27.5,Former,High,Medium,0,0,0,1,0,0,0,0,77.6,13.4,1,Healthy
77,Female,141.0,96.0,189.0,0,16.6,Current,None,Medium,0,0,0,0,0,0,0,0,152.4,2.0,3,Heart Disease
81,Male,86.0,87.0,187.0,1,18.2,Never,Moderate,Medium,0,0,0,0,0,0,0,0,88.7,12.8,3,Healthy
89,Female,113.0,86.0,205.0,1,22.8,Never,None,Low,0,0,0,0,1,1,1,0,120.1,19.6,7,Healthy
28,Male,123.0,61.0,243.0,0,27.0,Former,Moderate,Low,0,0,0,0,0,0,0,0,71.9,17.4,9,Healthy
31,Female,128.0,83.0,140.0,1,24.8,Former,None,Low,1,0,1,1,0,0,0,0,106.3,9.9,2,Healthy
77,Female,111.0,74.0,121.0,1,33.4,Never,None,Low,0,0,0,0,0,0,0,0,106.7,9.1,1,Diabetes
47,Female,121.0,69.0,177.0,1,18.6,Never,None,High,0,0,1,0,0,0,0,0,100.5,5.1,8,Healthy
52,Female,75.0,77.0,135.0,0,22.2,Never,None,High,0,0,1,0,0,0,0,0,121.5,11.1,3,Healthy
54,Male,108.0,84.0,183.0,1,33.6,Never,None,Medium,0,0,0,0,0,0,0,0,79.8,6.4,8,Diabetes
22,Male,128.0,80.0,220.0,0,26.7,Never,None,High,0,0,0,1,0,0,0,0,83.5,24.7,5,Healthy
43,Female,102.0,66.0,164.0,0,30.4,Current,None,Medium,1,0,0,0,0,0,1,0,123.1,6.0,0,Heart Disease
79,Male,121.0,82.0,143.0,1,36.3,Former,Moderate,Low,0,0,1,0,0,0,0,0,150.3,16.2,2,Diabetes
21,Male,128.0,69.0,203.0,0,22.5,Never,Moderate,High,0,0,0,0,0,0,0,0,109.3,15.5,6,Healthy
59,Female,114.0,77.0,235.0,0,25.5,Former,Moderate,Low,0,0,0,0,0,0,1,0,125.1,24.5,8,Healthy
35,Female,123.0,72.0,132.0,1,24.6,Current,Moderate,Medium,0,0,1,1,0,0,0,0,132.7,25.9,7,Diabetes
57,Male,103.0,73.0,233.0,1,16.2,Never,Moderate,Low,0,0,0,1,1,0,0,0,134.9,22.0,4,Diabetes
89,Male,116.0,83.0,233.0,0,24.4,Never,Moderate,Low,1,0,0,1,0,0,0,1,81.4,18.5,7,Healthy
56,Female,131.0,65.0,238.0,1,30.4,Never,None,Medium,0,1,0,0,1,0,0,0,86.7,4.5,1,Diabetes
31,Female,123.0,94.0,249.0,0,28.7,Former,Moderate,Medium,0,0,1,0,0,0,1,0,89.3,4.3,2,Healthy
49,Male,109.0,57.0,288.0,0,29.1,Never,None,Low,0,0,1,0,0,0,0,0,167.9,6.5,7,Healthy
68,Male,124.0,69.0,186.0,1,24.1,Current,Moderate,Low,0,1,0,0,0,0,0,0,125.2,22.5,8,Healthy
55,Male,133.0,79.0,204.0,0,22.7,Never,Moderate,Low,1,1,0,0,1,0,0,0,123.9,15.7,9,Healthy
40,Male,83.0,81.0,183.0,0,32.3,Never,None,High,0,0,1,0,0,0,0,0,121.0,23.7,7,Healthy
80,Male,141.0,74.0,200.0,0,23.5,Never,Moderate,Medium,0,0,1,0,1,0,0,0,70.4,25.0,3,Healthy
32,Female,114.0,74.0,261.0,0,27.5,Never,None,Medium,1,0,1,0,0,0,0,1,168.1,7.7,5,Heart Disease
42,Female,128.0,79.0,146.0,0,26.8,Former,None,Low,0,0,0,0,0,0,0,0,124.4,15.3,4,Healthy
34,Female,142.0,73.0,166.0,1,33.3,Current,None,High,1,1,1,0,0,0,0,0,131.7,14.9,3,Diabetes
83,Male,95.0,89.0,255.0,1,30.9,Never,Moderate,Low,0,0,0,1,1,0,0,0,60.0,11.7,8,Diabetes
70,Female,107.0,83.0,241.0,0,19.5,Current,Moderate,Low,0,0,0,0,0,0,0,0,133.4,9.7,9,Heart Disease
68,Male,115.0,84.0,185.0,1,20.1,Current,Moderate,Low,1,0,1,0,0,1,0,0,99.3,26.8,2,Diabetes
56,Female,106.0,65.0,234.0,0,28.9,Never,None,High,1,1,0,1,0,1,0,0,70.3,15.5,0,Breast Cancer
68,Female,151.0,74.0,214.0,0,25.7,Former,Moderate,Low,0,1,1,0,0,0,0,0,81.4,15.1,6,Healthy
87,Male,105.0,72.0,260.0,1,23.7,Never,Moderate,Low,1,1,0,0,0,0,0,0,72.1,7.0,9,Heart Disease
23,Female,110.0,65.0,203.0,0,31.1,Never,None,Medium,0,0,1,0,0,0,0,0,71.5,21.8,7,Healthy
84,Male,124.0,79.0,241.0,0,26.9,Never,Moderate,Low,0,0,0,0,0,1,1,0,111.8,4.9,2,Healthy
24,Female,98.0,70.0,306.0,0,26.3,Former,None,Medium,0,0,0,0,0,0,0,0,98.4,19.5,2,Healthy
68,Male,113.0,82.0,224.0,0,29.9,Never,None,Medium,0,0,0,0,1,1,0,0,120.0,19.8,5,Healthy
89,Male,126.0,64.0,202.0,1,24.1,Current,None,Medium,1,0,0,0,0,0,0,0,160.3,10.9,1,Diabetes
59,Female,114.0,92.0,229.0,0,33.8,Current,Moderate,Low,0,0,1,0,0,0,0,0,106.1,18.2,5,Healthy
81,Male,118.0,66.0,185.0,0,22.1,Never,None,Low,0,1,0,0,1,0,0,0,60.0,16.9,4,Healthy
32,Female,110.0,77.0,296.0,0,29.3,Never,None,High,1,0,0,0,0,0,1,0,102.7,14.6,6,Heart Disease
46,Male,93.0,83.0,207.0,0,33.2,Never,None,High,0,0,0,0,0,0,0,0,145.8,15.1,8,Diabetes
50,Female,126.0,69.0,189.0,0,19.1,Never,None,Low,0,0,1,0,0,1,0,0,107.4,15.6,8,Healthy
44,Female,152.0,84.0,167.0,0,24.3,Never,None,Low,0,0,0,0,0,0,0,0,155.9,16.3,0,Healthy
53,Female,120.0,63.0,244.0,1,31.7,Never,None,Low,0,1,0,0,0,0,0,0,123.6,15.6,6,Diabetes
46,Male,124.0,90.0,235.0,1,31.8,Never,Moderate,Medium,1,0,0,0,0,0,1,0,60.0,4.0,2,Diabetes
55,Male,132.0,75.0,180.0,0,25.1,Never,None,Medium,0,0,1,0,0,0,0,0,113.3,13.5,3,Healthy
74,Male,97.0,69.0,223.0,0,22.3,Never,Moderate,Low,0,0,0,0,0,1,1,0,118.9,17.6,1,Healthy
44,Male,151.0,72.0,,0,,Never,Moderate,Medium,1,0,0,0,1,0,1,0,,16.0,0,Diabetes
72,Female,124.0,83.0,207.0,1,31.9,Former,None,Medium,0,0,1,0,0,0,0,0,164.6,24.5,9,Diabetes
50,Female,149.0,69.0,218.0,1,20.2,Current,None,High,0,0,0,0,0,0,0,0,137.2,21.2,2,Diabetes
85,Female,107.0,68.0,268.0,0,20.0,Never,Moderate,Low,1,0,0,1,0,0,0,0,123.2,6.3,9,Heart Disease
83,Female,153.0,73.0,169.0,1,27.1,Never,None,Low,0,0,1,1,0,0,1,0,130.3,13.3,8,Diabetes
27,Female,134.0,63.0,149.0,0,29.1,Never,None,Low,0,1,0,0,0,0,0,0,105.0,11.9,0,Healthy
22,Female,130.0,93.0,164.0,0,24.5,Never,None,High,0,0,0,0,0,0,0,0,66.1,15.0,2,Healthy
55,Male,124.0,69.0,147.0,0,29.4,Never,Moderate,Medium,0,0,0,0,0,0,0,0,111.2,15.0,4,Healthy
30,Female,116.0,83.0,253.0,0,22.4,Former,Moderate,Medium,0,1,1,0,0,0,0,0,121.0,21.1,2,Healthy
48,Female,142.0,77.0,262.0,0,15.4,Current,High,Low,0,0,0,0,0,0,1,0,73.9,16.8,3,Heart Disease
64,Female,123.0,65.0,213.0,0,23.9,Never,Moderate,Low,1,0,0,0,0,0,0,0,149.8,27.3,3,Diabetes
69,Male,85.0,75.0,249.0,0,26.3,Former,None,Low,0,0,0,0,0,0,0,0,140.2,17.4,0,Healthy
73,Male,100.0,83.0,205.0,0,24.6,Never,None,Medium,0,0,1,0,0,0,0,0,68.8,6.7,5,Healthy
32,Male,117.0,73.0,196.0,0,20.2,Never,None,Low,1,1,0,0,0,1,0,0,151.0,10.3,6,Healthy
46,Female,126.0,87.0,187.0,0,16.9,Never,None,Low,0,0,0,0,0,0,0,0,100.8,21.0,6,Healthy
25,Female,119.0,85.0,188.0,0,23.4,Never,None,Medium,1,1,0,0,0,0,0,0,86.6,2.0,5,Healthy
22,Male,142.0,84.0,138.0,0,30.5,Never,None,Low,0,0,0,0,0,0,0,0,142.4,2.0,6,Diabetes
46,Female,85.0,70.0,211.0,0,32.3,Never,None,Medium,0,0,1,0,0,0,0,0,108.5,15.1,2,Healthy
64,Male,123.0,64.0,198.0,0,31.9,Never,None,Low,1,1,0,1,0,0,0,1,167.0,24.5,4,Diabetes
85,Male,87.0,69.0,230.0,0,21.9,Never,None,High,0,0,1,0,1,0,0,0,84.4,28.1,6,Healthy
62,Male,134.0,77.0,204.0,0,20.2,Former,High,Medium,1,1,0,1,1,0,1,0,60.0,12.8,9,Healthy
19,Female,118.0,80.0,193.0,0,28.5,Current,Moderate,High,0,0,1,0,0,0,1,0,101.6,25.6,4,Healthy
44,Female,128.0,53.0,165.0,0,29.2,Never,High,Medium,0,0,0,0,0,0,0,0,133.7,15.7,9,Healthy
53,Male,104.0,75.0,203.0,1,28.0,Never,None,High,0,1,0,0,0,0,0,0,82.2,2.0,1,Healthy
53,Female,143.0,77.0,230.0,0,15.9,Never,None,High,0,0,1,0,0,1,1,0,70.1,14.9,5,Healthy
43,Male,139.0,72.0,154.0,0,21.7,Current,None,Medium,1,1,1,0,0,0,0,0,116.9,8.8,6,Heart Disease
60,Female,131.0,88.0,203.0,0,25.9,Never,None,High,0,1,0,0,0,0,1,1,66.1,24.2,1,Healthy
44,Female,118.0,79.0,,0,,Never,None,Low,1,1,0,0,1,0,1,0,,14.7,9,Healthy
86,Female,130.0,88.0,171.0,0,29.8,Never,High,Low,0,0,0,0,0,0,0,0,99.8,2.2,7,Healthy
37,Male,107.0,73.0,176.0,0,26.7,Never,High,Low,0,0,1,0,0,0,0,0,124.8,2.0,4,Healthy
28,Female,135.0,84.0,209.0,0,27.7,Never,None,Medium,0,1,0,0,0,0,0,0,68.5,14.8,7,Healthy
55,Female,150.0,91.0,155.0,1,26.4,Current,None,Medium,0,0,0,0,0,0,0,0,148.9,2.0,2,Diabetes
23,Male,139.0,88.0,214.0,0,29.4,Current,None,Medium,0,0,0,0,0,0,1,0,104.5,9.8,1,Healthy
89,Female,107.0,64.0,164.0,0,27.6,Never,None,Low,0,1,1,0,0,0,1,0,132.9,17.3,6,Healthy
40,Male,127.0,72.0,243.0,0,26.3,Never,None,Medium,0,0,0,0,0,0,0,0,138.8,4.4,4,Healthy
64,Female,97.0,72.0,294.0,1,24.7,Never,None,Low,1,1,0,0,0,1,0,0,75.3,24.9,4,Heart Disease
63,Male,130.0,80.0,166.0,1,26.4,Never,None,Medium,1,0,0,0,0,1,0,0,136.5,26.9,7,Diabetes
29,Female,128.0,82.0,221.0,0,28.4,Current,None,Low,0,0,0,0,0,0,0,0,67.2,4.8,8,Healthy
30,Female,86.0,67.0,171.0,1,27.3,Never,None,High,0,0,0,0,0,0,0,0,68.9,12.0,7,Healthy
79,Male,99.0,76.0,242.0,0,27.9,Never,None,Low,0,0,1,0,0,0,1,1,168.9,24.9,9,Healthy
77,Male,115.0,55.0,149.0,1,32.7,Never,None,Low,0,0,1,0,1,0,0,1,143.4,15.0,1,Diabetes
60,Male,115.0,89.0,219.0,1,27.3,Current,High,High,0,0,0,0,0,0,0,0,172.2,2.0,9,Diabetes
85,Male,98.0,70.0,165.0,0,22.8,Former,None,Medium,0,1,1,0,0,0,0,0,98.9,13.6,6,Healthy
22,Male,127.0,76.0,192.0,1,30.4,Never,Moderate,Low,1,0,0,0,0,0,0,0,113.1,6.5,4,Diabetes
54,Female,125.0,72.0,159.0,0,19.2,Never,Moderate,Medium,0,0,0,0,1,0,0,0,125.8,26.1,6,Healthy
89,Male,117.0,86.0,233.0,0,20.6,Never,High,Low,0,0,1,0,0,0,0,0,109.6,21.1,2,Healthy
48,Male,106.0,47.0,167.0,0,27.7,Current,Moderate,High,0,0,0,0,0,0,0,0,87.6,11.9,3,Healthy
26,Female,139.0,75.0,222.0,1,28.6,Never,Moderate,Medium,1,0,0,0,0,0,0,0,83.1,16.4,6,Healthy
68,Male,150.0,74.0,186.0,0,19.8,Never,Moderate,Low,0,0,1,1,1,0,0,0,116.4,2.0,1,Healthy
46,Female,111.0,70.0,195.0,0,24.1,Never,None,Medium,1,0,0,0,0,0,0,0,78.0,7.5,1,Breast Cancer
57,Female,109.0,92.0,206.0,1,23.0,Former,None,Low,1,0,1,1,0,0,1,0,77.2,30.5,0,Diabetes
58,Female,129.0,66.0,170.0,0,23.6,Never,High,Medium,1,0,1,0,0,0,1,0,121.8,15.5,0,Breast Cancer
28,Female,114.0,83.0,208.0,0,30.7,Never,Moderate,High,1,0,0,0,0,1,0,0,107.1,24.3,0,Healthy
40,Female,117.0,79.0,261.0,0,29.5,Never,High,High,0,0,0,0,0,0,0,0,138.1,17.3,5,Healthy
18,Male,133.0,88.0,169.0,0,25.9,Former,Moderate,Low,0,0,0,0,0,1,1,1,97.3,28.1,4,Healthy
63,Male,86.0,68.0,247.0,0,23.3,Former,Moderate,Low,0,0,0,0,0,0,0,0,92.6,2.0,9,Healthy
38,Male,144.0,68.0,260.0,0,19.3,Current,Moderate,Low,0,0,0,0,1,0,0,0,122.7,13.1,7,Heart Disease
53,Female,121.0,86.0,167.0,1,33.1,Never,Moderate,Medium,0,0,1,0,0,0,0,0,85.6,31.4,4,Diabetes
71,Male,113.0,79.0,142.0,1,29.0,Never,Moderate,Medium,0,0,0,0,0,0,0,1,90.3,24.6,0,Healthy
74,Female,118.0,60.0,212.0,0,22.5,Current,High,Medium,0,1,0,0,0,0,0,0,91.4,28.3,7,Healthy
18,Female,119.0,70.0,178.0,0,29.6,Never,Moderate,High,1,1,0,0,0,0,0,0,103.7,14.9,5,Healthy
80,Female,89.0,79.0,275.0,0,25.6,Former,Moderate,Low,0,0,0,0,0,1,0,1,163.2,9.6,7,Healthy
71,Female,147.0,83.0,201.0,0,24.6,Former,Moderate,Low,0,1,1,0,0,0,1,0,68.7,4.7,1,Healthy
72,Male,121.0,68.0,168.0,0,28.2,Never,None,Low,1,0,0,1,0,0,1,0,148.9,4.0,9,Healthy
57,Female,128.0,46.0,154.0,0,22.3,Never,None,Low,0,0,1,0,0,0,0,0,132.1,23.1,7,Healthy
32,Female,137.0,80.0,244.0,1,24.3,Former,High,Low,1,0,0,0,0,0,0,0,157.0,20.1,5,Diabetes
38,Male,102.0,63.0,177.0,0,26.6,Current,Moderate,Medium,1,0,0,0,0,0,0,0,204.1,14.3,0,Heart Disease
64,Male,129.0,55.0,202.0,0,23.5,Never,None,Low,0,0,0,1,1,0,0,1,152.9,20.1,0,Healthy
70,Female,115.0,47.0,238.0,1,29.3,Never,None,Low,0,0,0,0,1,0,0,0,137.8,16.4,9,Diabetes
26,Female,135.0,83.0,181.0,0,35.3,Never,Moderate,Medium,0,0,0,0,1,0,0,0,70.6,24.6,4,Healthy
69,Female,82.0,76.0,198.0,0,22.2,Never,Moderate,Low,1,0,0,0,0,0,0,0,74.4,24.5,6,Breast Cancer
74,Female,118.0,73.0,199.0,0,17.7,Never,Moderate,Medium,0,0,1,0,0,0,0,0,120.8,4.3,3,Healthy
43,Female,109.0,89.0,227.0,0,16.0,Never,Moderate,Low,0,0,0,0,1,0,0,0,60.0,17.7,9,Healthy
58,Female,128.0,81.0,224.0,1,25.2,Current,None,Medium,1,1,1,0,0,1,1,0,128.5,2.0,4,Diabetes
52,Male,128.0,91.0,191.0,0,22.7,Former,None,High,0,0,0,0,0,0,0,0,60.0,16.3,9,Healthy
80,Male,107.0,61.0,203.0,1,27.0,Former,None,Low,1,0,0,1,0,0,1,0,144.6,21.0,2,Diabetes
42,Male,107.0,75.0,185.0,1,26.7,Never,Moderate,Medium,1,0,0,0,0,0,1,0,100.3,2.0,1,Healthy
55,Female,118.0,59.0,141.0,1,18.0,Never,None,High,1,0,0,1,0,0,0,0,113.8,10.8,1,Healthy
19,Female,104.0,73.0,210.0,1,16.9,Current,Moderate,Medium,1,0,1,0,0,0,0,0,87.5,15.1,4,Heart Disease
24,Female,135.0,73.0,276.0,0,27.5,Never,Moderate,Low,0,0,0,0,0,0,0,0,60.0,17.3,3,Healthy
51,Male,113.0,81.0,165.0,0,26.7,Never,Moderate,Low,1,0,0,0,0,0,0,0,147.0,12.2,1,Healthy
34,Female,68.0,75.0,169.0,0,23.9,Never,High,Medium,0,0,0,0,0,0,0,0,150.1,3.3,4,Healthy
60,Female,113.0,81.0,165.0,0,17.7,Current,None,High,0,0,0,0,0,0,0,0,99.5,14.5,9,Healthy
76,Female,101.0,82.0,229.0,1,28.4,Current,Moderate,Low,0,0,1,0,0,0,0,0,129.9,2.0,8,Diabetes
68,Female,91.0,97.0,218.0,0,32.4,Never,None,Low,1,0,0,0,0,0,0,1,98.3,12.7,7,Healthy
71,Male,98.0,72.0,194.0,1,27.4,Current,None,Low,1,0,1,0,0,0,0,0,118.7,10.6,8,Heart Disease
41,Female,122.0,66.0,163.0,1,21.8,Never,None,Low,1,0,0,0,0,0,0,0,132.8,13.7,8,Diabetes
42,Male,144.0,77.0,204.0,1,26.2,Never,None,Low,0,1,1,0,0,0,0,0,126.7,9.4,7,Diabetes
88,Male,126.0,67.0,137.0,1,19.2,Current,Moderate,Low,1,0,1,0,0,0,0,1,150.2,2.0,8,Diabetes
69,Female,109.0,90.0,206.0,0,31.3,Current,Moderate,Low,1,0,0,0,0,1,0,0,125.6,11.3,3,Heart Disease
87,Female,128.0,72.0,235.0,0,26.4,Never,None,Low,0,0,0,0,0,0,1,0,110.8,24.3,7,Healthy
50,Female,112.0,69.0,150.0,0,17.2,Never,None,High,0,0,1,0,0,1,0,0,87.2,27.6,1,Healthy
66,Female,107.0,70.0,139.0,0,24.5,Current,Moderate,Low,0,0,0,0,0,0,0,0,95.6,39.4,8,Healthy
46,Female,99.0,82.0,263.0,0,28.3,Former,Moderate,Low,0,0,1,0,0,0,0,0,134.3,31.9,8,Diabetes
80,Female,88.0,73.0,176.0,1,24.3,Current,None,Low,0,0,0,0,0,0,0,1,64.9,3.0,2,Healthy
39,Female,113.0,69.0,245.0,1,24.6,Never,Moderate,High,0,0,0,0,0,0,0,0,143.2,10.9,5,Diabetes
43,Male,123.0,92.0,194.0,0,19.9,Current,Moderate,Medium,0,0,1,0,0,0,0,0,101.6,14.8,6,Healthy
45,Male,118.0,66.0,194.0,0,28.8,Current,Moderate,Medium,0,1,0,0,1,0,1,0,85.4,14.1,2,Healthy
66,Male,113.0,75.0,218.0,0,22.8,Never,None,Low,0,0,0,0,1,0,0,0,77.0,15.7,4,Healthy
88,Male,103.0,82.0,165.0,0,15.2,Current,Moderate,High,0,0,0,0,0,0,0,0,130.2,39.1,0,Diabetes
66,Male,131.0,59.0,205.0,0,24.1,Never,Moderate,Medium,1,0,0,0,0,0,0,0,109.6,4.2,2,Healthy
37,Male,96.0,80.0,185.0,0,30.9,Never,Moderate,Low,0,0,1,0,1,0,0,0,157.7,7.9,7,Diabetes
80,Male,134.0,64.0,147.0,0,24.1,Former,Moderate,Medium,0,0,1,1,1,0,0,0,72.1,31.4,2,Healthy
78,Female,102.0,83.0,213.0,0,34.7,Never,High,High,0,0,1,0,0,0,0,0,92.7,8.8,7,Healthy
66,Male,106.0,65.0,189.0,0,28.1,Never,None,Medium,0,1,0,0,0,0,1,0,107.2,18.9,8,Healthy
88,Female,94.0,82.0,194.0,0,27.7,Current,High,High,1,0,0,0,0,1,0,0,87.4,25.3,5,Heart Disease
18,Male,111.0,86.0,152.0,0,25.4,Never,Moderate,High,0,0,1,0,0,0,0,0,110.2,19.9,6,Healthy
30,Female,138.0,84.0,264.0,0,25.7,Never,Moderate,Low,0,0,0,0,0,0,0,0,119.6,16.9,5,Healthy
68,Male,129.0,78.0,235.0,0,24.7,Current,None,Medium,1,0,0,0,0,1,0,0,124.5,24.4,7,Heart Disease
73,Male,138.0,73.0,239.0,1,24.5,Never,None,Low,0,0,1,0,0,0,1,1,155.2,6.1,6,Diabetes
79,Female,129.0,69.0,188.0,0,28.7,Never,Moderate,High,0,0,0,0,1,0,0,0,70.9,10.0,9,Healthy
49,Male,100.0,90.0,131.0,0,21.3,Never,Moderate,Low,0,0,0,0,0,0,0,0,120.1,20.4,0,Healthy
47,Male,114.0,68.0,278.0,1,20.6,Never,None,High,0,0,0,1,0,0,1,0,90.6,2.0,2,Healthy
46,Male,106.0,65.0,198.0,0,20.4,Former,Moderate,Low,1,0,0,0,0,0,0,1,122.9,29.2,2,Healthy
66,Male,144.0,82.0,170.0,1,36.2,Current,None,Low,0,0,0,0,0,0,0,0,122.9,18.0,2,Diabetes
62,Male,98.0,67.0,217.0,0,28.7,Never,High,Low,1,0,1,0,1,0,0,0,80.4,16.5,3,Healthy
47,Male,136.0,65.0,247.0,0,27.5,Current,Moderate,Low,1,1,0,0,0,0,0,0,83.0,2.0,0,Heart Disease
33,Female,136.0,61.0,199.0,0,20.7,Never,None,High,0,0,0,0,0,0,0,0,125.3,2.1,1,Healthy
57,Female,153.0,70.0,251.0,0,29.1,Never,Moderate,Low,0,0,1,0,0,0,0,0,110.7,11.0,4,Heart Disease
36,Female,113.0,74.0,243.0,0,25.4,Former,High,Medium,0,0,0,0,0,0,1,0,103.4,23.1,5,Healthy
35,Male,133.0,77.0,157.0,0,27.1,Former,None,Low,0,0,0,0,0,0,0,0,129.7,2.0,8,Healthy
18,Female,161.0,85.0,173.0,0,21.1,Never,Moderate,Low,0,0,0,0,0,0,1,1,132.0,22.9,1,Healthy
64,Male,109.0,80.0,238.0,0,26.8,Never,None,Low,0,1,1,0,0,0,0,0,94.1,11.4,8,Healthy
83,Male,92.0,73.0,91.0,0,23.9,Never,Moderate,Low,0,0,0,0,0,0,0,0,84.4,12.8,6,Healthy
55,Female,86.0,73.0,194.0,0,22.2,Never,None,High,1,0,0,0,0,0,0,0,72.1,17.5,8,Healthy
68,Male,133.0,80.0,143.0,0,29.7,Never,None,Medium,0,0,0,0,1,0,1,0,111.0,17.7,3,Healthy
80,Male,86.0,88.0,181.0,0,18.3,Former,None,Low,0,0,0,0,0,0,0,0,67.3,7.9,6,Healthy
21,Female,113.0,76.0,188.0,0,28.8,Never,None,Medium,1,0,0,0,1,0,0,0,113.0,21.2,0,Healthy
18,Female,128.0,70.0,186.0,1,29.4,Former,Moderate,Low,0,1,0,0,0,1,0,0,146.5,2.0,7,Diabetes
25,Female,123.0,65.0,178.0,0,21.6,Never,None,Low,0,0,0,0,1,0,1,0,99.4,10.5,6,Healthy
46,Female,128.0,61.0,156.0,0,21.9,Never,None,Medium,0,1,0,0,0,1,1,1,93.9,16.5,6,Healthy
72,Female,124.0,82.0,292.0,0,24.9,Never,Moderate,Low,0,0,0,1,0,0,0,0,169.9,11.6,1,Healthy
20,Male,143.0,81.0,275.0,0,27.4,Never,None,Medium,0,0,0,0,0,1,0,0,155.3,2.0,9,Heart Disease
49,Male,103.0,81.0,154.0,1,25.2,Current,Moderate,Medium,0,0,0,0,0,0,0,0,87.1,22.6,8,Healthy
27,Male,108.0,74.0,263.0,0,28.2,Never,High,Medium,0,0,1,0,0,1,1,0,114.2,2.5,7,Healthy
51,Male,106.0,89.0,184.0,0,34.8,Never,Moderate,High,1,1,1,0,0,0,0,0,119.9,14.3,0,Healthy
72,Male,135.0,70.0,205.0,0,23.5,Current,None,Low,0,0,1,0,1,1,0,0,116.1,16.5,0,Healthy
49,Female,136.0,85.0,197.0,1,17.4,Former,None,Low,0,1,0,0,0,0,1,0,164.4,15.2,4,Diabetes
67,Female,128.0,75.0,174.0,0,30.1,Never,High,Low,0,0,0,1,1,0,0,0,112.6,26.7,1,Diabetes
24,Female,141.0,69.0,239.0,1,34.4,Never,None,Low,0,0,0,0,0,0,0,0,117.1,14.5,0,Diabetes
25,Male,99.0,81.0,205.0,1,28.0,Former,None,High,0,1,0,0,0,0,0,0,130.7,19.3,9,Diabetes
82,Female,150.0,79.0,181.0,0,20.6,Current,None,Medium,1,0,0,1,0,0,0,0,145.7,14.4,7,Heart Disease
74,Female,147.0,79.0,148.0,1,25.4,Current,None,Medium,0,0,0,0,0,1,0,0,138.1,21.1,3,Diabetes
84,Female,133.0,76.0,164.0,0,20.4,Never,Moderate,Medium,0,0,0,0,0,0,0,0,126.1,28.9,1,Diabetes
76,Male,152.0,75.0,134.0,1,29.2,Current,Moderate,Low,0,1,0,1,0,0,0,0,63.2,16.4,4,Heart Disease
89,Female,90.0,99.0,200.0,0,19.2,Never,High,Medium,0,0,0,0,0,0,0,0,95.4,22.8,5,Healthy
71,Male,111.0,87.0,152.0,0,24.5,Never,Moderate,Medium,0,0,0,0,0,0,0,0,134.6,29.6,7,Diabetes
84,Male,107.0,82.0,189.0,0,21.0,Current,None,Medium,0,0,0,0,0,0,1,0,117.5,28.6,6,Healthy
68,Male,133.0,76.0,255.0,1,26.6,Never,None,Low,0,0,0,0,0,1,0,0,134.8,11.1,6,Diabetes
25,Female,101.0,85.0,248.0,0,24.2,Never,High,Medium,0,0,1,0,0,0,0,0,166.6,25.4,0,Diabetes
51,Female,134.0,80.0,199.0,0,26.9,Never,None,Low,0,0,0,1,0,0,0,0,74.7,17.5,2,Healthy
52,Male,145.0,75.0,197.0,0,26.1,Never,None,Medium,0,0,0,0,0,0,0,0,144.1,26.2,2,Diabetes
49,Male,133.0,72.0,275.0,0,21.1,Former,High,Medium,0,0,1,0,0,0,1,0,100.1,20.7,6,Healthy
63,Male,125.0,74.0,221.0,0,29.1,Former,Moderate,Low,1,0,0,1,1,0,0,0,138.1,17.8,1,Healthy
33,Male,102.0,43.0,187.0,0,25.8,Never,None,Medium,0,0,0,0,0,0,0,1,108.8,19.3,9,Healthy
85,Male,105.0,77.0,143.0,0,21.1,Never,Moderate,High,1,0,0,0,0,0,1,0,173.8,17.6,6,Healthy
54,Male,142.0,70.0,216.0,0,37.2,Current,High,Low,0,0,0,0,0,0,0,0,113.9,17.9,8,Heart Disease
71,Female,134.0,91.0,233.0,0,28.4,Current,None,High,0,0,0,1,1,0,0,0,90.8,13.4,0,Healthy
31,Male,119.0,75.0,175.0,0,25.2,Never,Moderate,Medium,0,0,0,1,0,0,1,1,122.6,12.5,1,Healthy
72,Male,112.0,63.0,212.0,0,33.1,Current,None,Medium,0,0,0,0,0,1,0,0,119.7,32.6,5,Diabetes
65,Male,84.0,75.0,185.0,1,35.2,Former,Moderate,High,0,1,1,0,1,0,0,0,144.1,19.8,1,Diabetes
24,Female,101.0,65.0,193.0,0,25.3,Never,High,Medium,0,0,0,0,0,0,0,1,123.4,9.3,1,Healthy
24,Female,154.0,80.0,100.0,1,27.7,Never,High,High,1,0,0,0,0,0,1,0,184.3,12.2,4,Diabetes
50,Female,97.0,78.0,191.0,1,21.1,Never,None,Low,0,0,0,1,0,0,0,0,106.7,25.6,6,Diabetes
40,Male,123.0,85.0,239.0,0,25.3,Former,None,Low,0,0,0,0,0,0,0,1,107.0,7.6,3,Healthy
36,Female,138.0,67.0,175.0,0,25.0,Never,None,Medium,0,1,1,0,0,0,1,0,91.9,2.0,5,Healthy
36,Male,97.0,75.0,202.0,1,26.9,Never,Moderate,High,1,0,0,0,0,0,0,0,112.6,2.0,2,Healthy
53,Female,123.0,61.0,170.0,0,27.7,Never,None,High,1,0,1,0,0,0,0,0,116.9,2.0,3,Breast Cancer
46,Female,137.0,82.0,214.0,0,28.8,Current,None,Medium,0,0,0,0,1,0,0,0,118.4,2.0,3,Healthy
77,Female,120.0,80.0,191.0,0,27.2,Never,None,Medium,1,0,1,0,0,0,0,0,112.0,3.2,3,Healthy
19,Female,172.0,80.0,162.0,0,19.9,Current,None,Low,0,0,0,1,0,0,0,0,91.7,28.9,0,Heart Disease
18,Female,90.0,75.0,253.0,1,21.3,Current,None,High,0,1,0,1,0,0,1,0,83.6,14.5,3,Heart Disease
64,Male,139.0,79.0,237.0,0,23.3,Never,Moderate,Low,0,0,1,0,0,0,0,0,98.7,11.4,3,Healthy
86,Female,117.0,91.0,176.0,0,24.6,Never,None,Medium,1,0,1,0,0,0,0,0,144.2,2.0,5,Breast Cancer
37,Male,134.0,72.0,220.0,0,31.3,Never,None,Medium,1,0,0,0,0,1,0,0,150.7,13.6,8,Diabetes
28,Female,128.0,76.0,221.0,0,20.2,Current,Moderate,Medium,1,0,1,0,0,0,0,0,107.7,2.0,9,Heart Disease
19,Male,107.0,64.0,226.0,0,24.2,Never,Moderate,Low,0,0,0,0,0,0,0,0,81.8,11.3,5,Healthy
84,Male,124.0,66.0,132.0,0,30.8,Never,None,High,1,1,0,0,1,1,0,0,107.6,35.6,5,Diabetes
29,Male,87.0,76.0,240.0,1,24.5,Never,None,Medium,0,0,0,0,0,0,0,0,172.7,21.6,6,Diabetes
37,Male,131.0,86.0,177.0,0,28.3,Never,Moderate,High,0,0,1,0,1,0,1,0,140.0,12.9,6,Healthy
22,Female,125.0,72.0,186.0,1,25.3,Current,None,Low,0,0,1,0,0,0,0,0,126.5,22.0,0,Diabetes
54,Female,131.0,73.0,306.0,0,27.3,Former,Moderate,Medium,0,0,0,0,0,0,0,0,138.9,9.8,7,Healthy
55,Male,139.0,71.0,212.0,0,24.9,Current,None,Medium,0,0,0,0,0,1,0,0,156.2,7.0,0,Healthy
26,Male,127.0,70.0,185.0,0,29.3,Never,None,Medium,0,0,0,0,0,0,1,0,75.4,32.0,8,Healthy
70,Female,123.0,78.0,112.0,0,18.3,Never,None,High,1,0,0,0,0,1,1,0,98.2,3.6,3,Breast Cancer
61,Male,104.0,60.0,256.0,0,24.2,Current,Moderate,Low,0,0,0,0,0,0,0,0,94.1,11.5,8,Heart Disease
41,Female,107.0,88.0,146.0,0,27.5,Never,High,Low,0,0,0,0,1,0,0,0,127.6,18.1,7,Healthy
47,Female,141.0,68.0,160.0,1,28.7,Current,None,Medium,1,0,0,0,0,0,0,0,114.8,5.6,8,Heart Disease
76,Female,146.0,82.0,187.0,1,33.5,Never,Moderate,Low,0,0,0,0,0,1,0,0,132.7,21.5,5,Diabetes
31,Female,116.0,62.0,257.0,0,24.0,Never,None,High,0,0,0,0,0,0,1,0,94.8,11.9,8,Healthy
26,Male,121.0,82.0,231.0,0,33.4,Former,None,Low,0,0,1,0,0,0,0,0,151.2,21.6,3,Diabetes
57,Female,104.0,82.0,194.0,0,22.7,Current,Moderate,Medium,0,0,0,0,1,0,0,0,107.9,20.9,2,Healthy
83,Male,141.0,79.0,212.0,0,32.6,Current,None,Low,0,0,0,1,0,0,0,1,130.8,12.6,2,Diabetes
42,Male,132.0,65.0,176.0,0,30.1,Never,High,Medium,0,0,0,0,0,0,0,0,145.9,32.1,7,Diabetes
39,Female,155.0,77.0,206.0,0,21.4,Never,Moderate,Low,1,0,0,0,0,0,0,0,143.5,8.3,1,Heart Disease
21,Male,104.0,63.0,203.0,1,27.5,Never,High,Low,0,0,0,1,0,1,0,0,120.8,28.5,5,Diabetes
43,Female,113.0,72.0,239.0,1,25.7,Former,Moderate,Low,0,0,0,0,0,0,0,0,134.6,26.7,8,Diabetes
75,Female,124.0,85.0,239.0,0,29.1,Former,None,Low,0,0,1,0,0,0,0,0,162.2,32.7,8,Diabetes
46,Female,132.0,83.0,220.0,0,24.9,Never,None,High,0,0,0,0,0,0,0,1,125.4,16.7,7,Healthy
54,Female,116.0,75.0,186.0,0,24.5,Current,None,Low,0,0,0,0,0,0,0,1,88.1,7.1,7,Healthy
87,Male,104.0,65.0,230.0,1,32.8,Former,None,Medium,1,0,0,0,0,0,0,0,127.5,35.8,0,Diabetes
35,Male,136.0,81.0,196.0,0,25.5,Current,None,High,1,0,0,0,0,1,0,0,108.9,11.7,6,Heart Disease
59,Female,133.0,75.0,,0,,Never,None,Medium,0,0,1,0,0,0,1,0,,6.9,0,Healthy
58,Male,104.0,52.0,184.0,1,24.9,Never,High,High,1,0,1,1,0,0,1,1,123.9,13.1,8,Healthy
55,Female,144.0,83.0,203.0,0,34.3,Current,None,High,0,0,0,0,1,0,0,0,113.5,5.2,2,Heart Disease
51,Female,141.0,75.0,236.0,0,22.6,Never,Moderate,Medium,0,0,0,0,0,0,0,0,144.7,20.3,0,Healthy
34,Female,122.0,87.0,193.0,0,22.9,Current,High,Medium,0,1,1,0,1,0,0,1,87.5,8.9,7,Healthy
54,Male,121.0,64.0,152.0,0,33.6,Current,Moderate,Low,0,0,0,0,1,0,0,0,64.8,12.1,6,Healthy
42,Male,130.0,43.0,202.0,0,23.8,Former,None,Medium,1,1,1,0,0,0,0,0,115.1,24.7,1,Healthy
44,Male,104.0,78.0,205.0,0,34.0,Never,None,High,0,0,1,0,0,0,0,1,121.4,21.2,6,Healthy
74,Male,121.0,78.0,207.0,0,30.5,Never,None,Medium,0,0,0,0,0,0,0,0,112.8,15.2,4,Healthy
48,Female,81.0,58.0,237.0,0,25.2,Never,None,Medium,1,0,1,0,0,0,1,0,110.6,16.7,6,Healthy
23,Male,136.0,65.0,241.0,1,16.9,Never,None,Medium,1,0,1,0,0,1,1,0,77.9,15.1,9,Heart Disease
57,Male,92.0,103.0,176.0,0,25.9,Never,Moderate,Low,1,0,1,0,0,0,0,0,105.8,10.7,6,Healthy
29,Male,147.0,72.0,175.0,0,26.5,Never,None,High,0,0,0,1,0,0,0,1,99.5,15.0,1,Healthy
70,Female,114.0,82.0,158.0,0,31.8,Never,Moderate,Medium,0,1,0,0,0,0,0,1,142.2,19.9,1,Diabetes
88,Female,116.0,68.0,228.0,1,33.9,Never,High,Low,0,0,0,0,1,0,0,0,121.4,13.7,6,Diabetes
27,Male,109.0,54.0,258.0,1,22.6,Never,None,High,0,1,0,0,0,0,0,0,101.7,19.2,2,Healthy
62,Male,115.0,73.0,187.0,0,30.0,Never,None,Medium,1,0,0,1,1,1,0,0,161.7,6.6,3,Healthy
34,Male,146.0,72.0,190.0,0,29.8,Never,Moderate,Medium,1,0,0,1,0,0,0,0,101.9,9.0,6,Heart Disease
43,Male,75.0,71.0,259.0,1,31.4,Former,None,Medium,1,0,0,0,0,0,0,0,126.7,7.7,1,Diabetes
79,Female,143.0,74.0,220.0,0,28.5,Never,Moderate,Low,0,0,0,0,0,0,0,0,105.0,9.3,1,Healthy
63,Female,126.0,78.0,217.0,0,16.3,Never,None,High,1,0,0,0,1,0,1,0,158.9,27.9,8,Diabetes
81,Male,98.0,73.0,152.0,1,25.2,Former,Moderate,Medium,1,1,0,0,0,0,0,0,112.6,22.3,0,Healthy
19,Male,101.0,62.0,227.0,0,20.2,Current,None,Low,0,0,1,0,0,0,0,1,113.5,4.2,2,Healthy
71,Female,150.0,80.0,163.0,1,25.0,Never,None,Low,0,0,0,0,1,1,0,0,105.8,19.4,9,Healthy
82,Male,103.0,56.0,155.0,1,30.9,Former,Moderate,High,1,0,0,0,0,0,0,0,115.9,11.1,3,Diabetes
68,Female,99.0,54.0,186.0,0,27.5,Current,None,Low,0,0,1,0,0,0,1,0,146.0,8.2,4,Healthy
70,Male,140.0,82.0,177.0,1,31.7,Current,None,High,1,0,0,0,1,0,0,0,135.4,2.0,2,Diabetes
53,Female,126.0,80.0,191.0,1,27.7,Never,None,Low,0,0,0,0,1,0,0,0,110.8,24.7,8,Healthy
43,Male,103.0,74.0,142.0,0,19.5,Former,None,Medium,1,0,1,0,0,0,0,0,161.0,2.0,4,Healthy
46,Female,124.0,61.0,238.0,0,15.0,Never,Moderate,High,1,0,1,0,0,0,1,0,136.2,14.5,6,Healthy
38,Female,102.0,68.0,245.0,0,26.7,Never,Moderate,Low,0,0,0,0,1,0,0,0,96.9,5.5,6,Healthy
28,Male,140.0,72.0,122.0,0,24.9,Current,Moderate,Medium,1,0,1,0,1,0,1,0,68.6,22.8,8,Heart Disease
57,Male,139.0,59.0,239.0,1,21.1,Never,Moderate,Medium,0,0,1,0,0,0,0,0,97.5,11.7,1,Healthy
28,Male,130.0,68.0,168.0,0,17.5,Current,None,Medium,0,0,0,0,0,0,0,0,122.4,13.7,2,Healthy
53,Male,127.0,82.0,234.0,0,22.3,Never,None,Medium,0,0,0,0,0,0,0,0,127.9,14.0,3,Healthy
76,Male,152.0,89.0,197.0,0,25.0,Current,Moderate,Medium,0,1,0,0,0,0,0,0,150.8,18.0,7,Heart Disease
56,Male,120.0,71.0,201.0,1,29.3,Never,Moderate,Medium,1,1,0,1,0,0,0,0,77.2,15.1,0,Healthy
71,Female,99.0,83.0,193.0,0,26.9,Never,None,High,1,0,0,0,0,1,0,0,96.8,14.6,8,Healthy
72,Male,128.0,56.0,248.0,0,34.0,Never,None,Medium,0,1,1,0,0,0,0,0,74.7,9.8,4,Healthy
41,Male,158.0,82.0,150.0,0,20.8,Never,None,Low,0,0,0,0,0,1,1,0,69.8,2.0,3,Healthy
39,Female,102.0,67.0,224.0,0,30.4,Never,Moderate,High,0,0,0,1,0,0,0,0,91.2,3.8,7,Healthy
86,Male,113.0,78.0,244.0,0,26.2,Current,Moderate,Medium,0,0,0,0,0,0,0,0,121.0,22.2,8,Heart Disease
73,Female,127.0,73.0,229.0,0,29.5,Never,None,Low,1,1,0,0,0,0,0,0,133.1,11.9,2,Healthy
50,Male,119.0,88.0,293.0,0,23.8,Former,Moderate,Low,0,0,0,0,1,0,0,0,81.5,8.4,3,Healthy
53,Female,102.0,66.0,179.0,0,31.4,Never,None,Low,0,0,0,0,1,0,0,0,85.7,2.0,0,Healthy
37,Female,140.0,81.0,238.0,1,27.5,Never,None,Low,0,1,0,0,0,0,0,0,60.0,2.0,2,Healthy
79,Female,162.0,72.0,196.0,0,22.6,Current,Moderate,Low,0,0,1,0,1,0,1,0,116.4,8.0,9,Heart Disease
43,Female,124.0,73.0,249.0,0,25.9,Never,None,Low,1,0,0,0,0,0,0,0,88.0,23.9,4,Heart Disease
83,Male,104.0,73.0,200.0,0,24.8,Former,None,Medium,0,0,0,0,0,0,1,0,159.9,9.4,7,Healthy
57,Female,92.0,67.0,184.0,0,28.4,Former,High,Low,0,0,0,0,1,0,0,0,122.3,19.0,0,Healthy
34,Male,125.0,75.0,252.0,0,20.1,Never,Moderate,Low,1,0,0,0,0,1,0,0,104.9,9.0,0,Heart Disease
18,Male,140.0,74.0,180.0,0,25.9,Current,Moderate,Low,1,0,0,1,0,0,0,0,90.8,21.4,2,Heart Disease
78,Male,129.0,77.0,143.0,0,28.0,Former,None,Low,1,0,0,0,0,0,0,0,65.2,11.5,8,Healthy
60,Female,120.0,76.0,,0,,Never,None,Low,1,0,1,0,0,0,0,0,,2.7,8,Healthy
59,Male,109.0,83.0,225.0,0,32.7,Current,High,Medium,1,0,0,0,0,0,1,0,91.3,12.3,0,Heart Disease
42,Female,100.0,84.0,256.0,1,29.9,Never,Moderate,High,0,0,0,0,1,1,0,1,89.0,33.3,3,Diabetes
56,Female,135.0,64.0,204.0,0,26.0,Never,Moderate,High,0,0,0,0,0,0,0,0,80.0,32.9,7,Healthy
52,Female,136.0,84.0,253.0,0,27.1,Current,None,High,0,0,1,0,1,0,1,0,121.3,19.9,1,Heart Disease
20,Female,92.0,63.0,146.0,0,27.5,Former,None,Low,1,0,0,0,1,0,0,0,125.4,13.6,3,Healthy
61,Male,149.0,81.0,182.0,0,28.0,Current,High,Low,0,1,1,0,0,1,1,0,96.2,18.0,6,Heart Disease
68,Male,130.0,81.0,188.0,0,16.9,Former,Moderate,Low,0,0,0,0,0,0,0,0,168.1,18.2,6,Healthy
29,Male,145.0,56.0,195.0,0,24.5,Current,None,Medium,0,0,0,0,0,0,0,0,60.0,14.6,4,Heart Disease
36,Male,96.0,76.0,203.0,0,18.6,Current,None,Low,1,1,1,0,0,0,0,1,111.7,19.4,6,Heart Disease
61,Male,95.0,70.0,228.0,0,32.4,Never,None,Medium,0,0,1,0,0,1,0,0,103.4,17.1,5,Healthy
76,Male,117.0,67.0,182.0,0,25.7,Never,None,Low,0,0,0,0,1,1,0,0,93.5,11.8,1,Healthy
66,Male,129.0,89.0,,1,,Never,None,Low,0,0,0,0,0,0,0,0,,3.0,8,Healthy
78,Female,152.0,68.0,198.0,0,30.5,Former,None,High,1,0,0,0,0,0,0,0,109.8,10.4,4,Heart Disease
34,Female,133.0,67.0,163.0,0,28.1,Never,Moderate,Medium,0,1,0,0,0,0,1,0,103.2,23.0,1,Healthy
74,Male,116.0,76.0,195.0,1,20.4,Never,None,High,0,0,1,0,0,0,0,0,98.2,14.7,5,Healthy
72,Female,102.0,82.0,194.0,0,25.6,Never,High,Medium,0,0,0,0,0,0,0,0,71.0,18.0,9,Healthy
64,Male,142.0,74.0,193.0,0,24.3,Current,None,High,0,1,0,1,1,0,1,1,61.5,12.2,4,Heart Disease
29,Male,103.0,87.0,201.0,0,17.3,Former,Moderate,Medium,0,0,1,0,1,0,1,0,101.3,4.4,1,Healthy
79,Female,149.0,80.0,203.0,0,22.5,Never,None,High,0,0,0,0,0,0,0,0,97.9,12.6,9,Healthy
25,Female,115.0,53.0,183.0,0,25.1,Never,Moderate,Low,0,0,0,0,0,0,1,0,104.1,4.8,9,Healthy
38,Male,149.0,70.0,251.0,1,25.4,Never,High,Medium,1,0,1,0,0,1,0,0,106.7,4.1,6,Heart Disease
87,Female,132.0,69.0,153.0,0,18.6,Never,Moderate,Medium,0,0,0,0,0,0,0,0,94.3,27.1,9,Healthy
89,Female,118.0,80.0,171.0,0,31.8,Never,Moderate,Low,0,0,0,0,0,0,0,0,103.6,10.8,1,Healthy
42,Female,111.0,49.0,311.0,1,25.5,Current,None,High,1,0,0,0,0,0,0,0,84.4,7.6,6,Heart Disease
29,Female,114.0,100.0,158.0,1,26.2,Current,Moderate,High,1,0,0,0,0,0,0,0,155.7,31.2,5,Diabetes
32,Female,128.0,80.0,146.0,0,28.0,Never,High,Medium,0,0,0,0,0,0,0,0,86.0,23.1,3,Healthy
76,Male,121.0,76.0,229.0,0,22.1,Never,High,Low,0,0,0,0,0,1,0,0,98.9,11.3,3,Healthy
43,Male,109.0,87.0,117.0,0,28.3,Never,None,Medium,1,0,1,0,0,0,1,0,88.3,19.3,5,Healthy
43,Male,117.0,98.0,191.0,0,24.2,Never,High,High,1,0,1,0,0,0,0,0,87.8,12.6,8,Healthy
64,Male,121.0,84.0,286.0,0,21.5,Never,None,Medium,0,1,1,0,0,0,1,0,110.7,8.1,9,Healthy
49,Female,82.0,84.0,138.0,0,28.9,Never,None,Low,0,0,0,0,0,1,0,0,106.9,19.7,5,Healthy
27,Male,128.0,76.0,121.0,1,33.5,Never,None,Medium,0,0,1,0,0,0,1,0,96.2,11.8,5,Diabetes
33,Female,102.0,74.0,140.0,0,29.6,Former,None,Low,0,0,0,0,1,0,0,0,101.5,15.8,0,Healthy
88,Female,99.0,70.0,236.0,0,30.6,Former,Moderate,Medium,0,0,0,0,0,0,1,0,88.4,25.2,4,Diabetes
34,Female,90.0,67.0,245.0,0,23.4,Former,Moderate,Low,0,0,1,0,0,1,0,0,122.1,24.1,0,Healthy
40,Female,88.0,68.0,179.0,0,18.0,Never,Moderate,Medium,0,0,0,0,1,0,0,0,171.7,9.5,8,Healthy
43,Female,96.0,61.0,227.0,0,33.5,Current,Moderate,Medium,0,0,0,0,0,0,0,0,83.8,19.9,9,Healthy
24,Male,107.0,74.0,256.0,0,36.3,Current,Moderate,Low,0,1,1,0,0,1,0,0,121.8,3.7,3,Heart Disease
31,Female,155.0,58.0,271.0,1,33.7,Never,Moderate,Low,0,0,0,0,0,0,0,0,111.3,19.5,1,Diabetes
24,Male,111.0,77.0,190.0,0,24.3,Never,None,Low,0,0,0,0,0,0,0,0,130.1,16.5,8,Healthy
26,Female,123.0,75.0,108.0,0,20.2,Never,Moderate,Low,0,0,0,1,0,0,0,0,130.9,18.8,5,Healthy
65,Male,127.0,76.0,167.0,0,20.7,Never,Moderate,Low,1,0,1,0,0,0,0,0,116.2,12.0,9,Healthy
89,Female,122.0,70.0,183.0,0,17.6,Never,Moderate,High,0,0,0,0,0,0,0,1,108.8,35.8,2,Healthy
76,Female,119.0,106.0,190.0,0,25.5,Never,Moderate,High,1,0,0,1,0,0,0,0,97.0,6.0,1,Healthy
56,Male,98.0,89.0,192.0,1,34.0,Never,Moderate,High,0,0,0,1,1,0,0,0,87.1,24.7,5,Diabetes
35,Male,146.0,63.0,245.0,1,25.3,Never,None,High,0,0,0,0,0,0,0,0,107.1,4.7,9,Heart Disease
76,Female,153.0,77.0,251.0,0,27.5,Never,None,Low,0,0,1,0,0,0,0,1,71.5,20.0,5,Heart Disease
34,Female,90.0,69.0,193.0,0,32.9,Current,Moderate,Low,1,0,0,1,0,0,0,0,92.2,20.8,8,Heart Disease
31,Female,102.0,65.0,244.0,1,24.0,Never,None,Low,0,0,0,0,0,0,0,0,143.2,15.5,4,Diabetes
48,Female,115.0,62.0,214.0,0,36.2,Former,Moderate,High,0,0,0,0,0,0,1,0,113.0,10.0,8,Healthy
41,Male,103.0,79.0,203.0,0,36.0,Never,None,Medium,0,0,1,0,0,0,0,0,136.8,16.4,4,Diabetes
77,Male,129.0,68.0,236.0,0,25.3,Never,None,Low,1,0,0,1,0,1,1,0,154.1,17.7,1,Healthy
62,Male,107.0,85.0,203.0,1,23.1,Never,Moderate,Low,1,1,0,0,0,0,0,0,104.7,32.9,0,Diabetes
20,Female,159.0,85.0,282.0,0,29.5,Never,None,Medium,0,0,0,0,0,0,0,0,116.2,6.3,8,Heart Disease
54,Male,141.0,89.0,142.0,1,24.3,Never,Moderate,Medium,0,0,0,0,0,1,0,0,100.9,9.4,9,Healthy
60,Female,124.0,66.0,179.0,1,20.2,Never,None,High,0,1,1,0,0,1,1,0,85.6,17.8,6,Healthy
57,Female,138.0,80.0,195.0,0,32.4,Never,None,Low,0,0,1,1,1,0,0,0,81.4,12.4,2,Healthy
72,Female,140.0,81.0,218.0,1,32.1,Former,Moderate,High,0,1,1,0,0,0,0,0,135.3,14.0,5,Diabetes
56,Female,110.0,70.0,251.0,1,26.8,Never,None,Medium,1,0,1,0,0,0,0,0,116.3,25.7,9,Diabetes
32,Female,105.0,67.0,199.0,0,19.7,Former,Moderate,Medium,1,0,1,0,0,0,0,0,165.4,2.0,3,Healthy
21,Male,121.0,91.0,143.0,0,19.9,Never,Moderate,High,0,0,0,0,0,1,0,0,139.2,9.0,8,Healthy
42,Female,136.0,77.0,234.0,0,26.5,Former,None,High,0,0,1,0,0,0,0,0,88.1,2.0,1,Healthy
30,Female,123.0,81.0,230.0,0,23.5,Never,Moderate,Low,0,0,0,0,0,0,0,1,135.2,3.0,3,Healthy
50,Female,92.0,67.0,122.0,0,24.3,Former,Moderate,Low,0,0,0,0,1,0,1,0,100.8,39.0,0,Healthy
33,Female,106.0,63.0,200.0,0,31.1,Current,None,Medium,0,0,0,0,0,0,1,0,146.5,21.0,6,Diabetes
59,Male,119.0,69.0,136.0,0,29.7,Current,None,Medium,0,0,1,0,1,0,0,0,95.4,24.5,3,Healthy
83,Male,119.0,74.0,173.0,1,32.9,Never,None,Medium,0,0,0,0,0,1,0,0,78.4,14.2,4,Diabetes
72,Female,156.0,64.0,164.0,0,21.0,Current,Moderate,High,0,1,1,0,0,0,0,0,86.1,22.6,0,Heart Disease
59,Male,95.0,75.0,232.0,0,24.3,Never,Moderate,Low,1,1,0,1,0,0,0,0,87.7,2.0,1,Healthy
51,Female,129.0,58.0,205.0,0,29.8,Current,Moderate,Medium,0,1,0,0,0,0,0,0,84.8,25.4,3,Healthy
47,Female,147.0,64.0,149.0,0,28.2,Never,Moderate,Low,0,0,0,0,0,0,0,0,92.8,6.8,1,Healthy
30,Male,161.0,82.0,235.0,0,33.7,Never,Moderate,High,0,0,0,0,0,0,1,0,135.7,9.7,0,Diabetes
30,Female,113.0,81.0,143.0,0,28.1,Never,Moderate,High,0,0,0,0,0,0,1,0,163.9,20.1,9,Healthy
35,Male,129.0,71.0,,0,,Never,Moderate,Medium,1,0,0,1,1,0,0,0,,18.2,0,Healthy
49,Female,130.0,65.0,167.0,1,28.7,Former,None,Low,1,0,1,0,0,0,0,0,147.9,15.8,5,Diabetes
56,Female,124.0,65.0,185.0,1,31.3,Current,Moderate,Medium,0,0,0,0,0,0,1,1,95.7,2.0,1,Diabetes
63,Female,118.0,71.0,220.0,0,24.4,Former,Moderate,Medium,1,1,0,0,0,1,1,0,120.4,16.0,2,Healthy
46,Male,128.0,81.0,221.0,1,26.1,Former,Moderate,Low,0,0,0,0,0,0,0,0,60.4,24.6,4,Healthy
79,Male,74.0,84.0,253.0,1,30.6,Former,Moderate,High,1,1,0,0,0,0,0,1,125.7,9.7,2,Diabetes
79,Female,132.0,70.0,197.0,0,34.1,Never,None,High,0,0,0,0,1,0,0,0,60.0,28.1,5,Diabetes
74,Female,122.0,63.0,212.0,1,29.6,Never,Moderate,Medium,0,0,0,0,0,0,0,0,119.4,6.3,6,Healthy
33,Female,116.0,78.0,182.0,1,25.6,Never,None,Medium,0,0,0,1,0,0,0,0,117.7,15.1,9,Healthy
73,Male,157.0,67.0,,0,,Never,Moderate,Low,1,0,0,0,0,1,1,0,,30.4,5,Diabetes
27,Male,108.0,70.0,218.0,0,15.0,Never,None,Medium,0,1,1,1,0,0,0,0,88.0,8.2,1,Healthy
47,Male,113.0,88.0,196.0,0,18.9,Never,Moderate,Medium,1,0,1,0,0,1,0,0,126.5,25.5,8,Diabetes
42,Female,156.0,83.0,128.0,0,29.4,Never,Moderate,Low,0,0,0,0,0,0,0,0,121.7,34.7,1,Healthy
22,Male,105.0,77.0,213.0,1,26.1,Never,Moderate,Low,1,0,0,0,0,0,0,0,103.7,16.7,5,Healthy
82,Male,110.0,62.0,215.0,0,29.0,Current,None,Low,0,0,0,0,0,1,1,0,130.2,9.7,8,Healthy
66,Female,117.0,77.0,173.0,1,26.3,Never,High,Low,1,0,0,0,0,0,0,0,107.1,7.3,8,Breast Cancer
20,Male,135.0,86.0,149.0,1,28.9,Never,Moderate,Medium,0,0,1,0,0,0,1,0,125.9,28.0,1,Diabetes
62,Female,124.0,71.0,259.0,0,21.9,Never,Moderate,Medium,0,0,0,0,0,0,0,0,106.2,27.8,8,Healthy
31,Female,97.0,89.0,220.0,0,28.9,Never,None,Medium,1,0,0,0,0,0,0,0,116.5,29.5,7,Healthy
47,Female,110.0,88.0,191.0,0,31.0,Never,Moderate,Low,1,0,0,0,1,0,0,0,127.2,14.7,6,Diabetes
85,Male,109.0,92.0,155.0,0,32.1,Never,None,Medium,0,0,1,0,0,0,0,0,98.1,25.4,7,Diabetes
35,Male,119.0,78.0,167.0,0,36.1,Never,Moderate,High,0,0,1,1,1,0,0,0,73.0,14.5,9,Healthy
79,Female,128.0,81.0,252.0,0,27.2,Never,None,Medium,0,0,1,0,0,0,1,0,118.3,6.2,7,Healthy
54,Female,128.0,89.0,206.0,0,27.4,Never,Moderate,High,0,0,0,0,0,0,0,1,145.7,26.2,0,Diabetes
42,Female,88.0,79.0,178.0,1,18.4,Never,Moderate,Medium,0,0,0,0,0,1,0,0,119.0,31.3,8,Diabetes
65,Male,139.0,70.0,220.0,0,23.3,Former,None,Medium,0,0,0,0,0,0,0,0,119.5,4.8,5,Healthy
82,Female,125.0,71.0,167.0,0,25.0,Never,None,Low,0,0,0,0,0,0,0,0,108.7,4.6,0,Healthy
70,Female,145.0,77.0,260.0,0,31.3,Never,Moderate,Medium,1,1,0,0,0,0,0,0,132.2,15.4,0,Diabetes
32,Female,128.0,62.0,254.0,1,22.9,Never,None,High,1,0,0,0,0,0,1,1,104.4,24.6,6,Heart Disease
66,Female,140.0,74.0,181.0,0,30.0,Current,Moderate,High,0,0,0,0,1,0,0,1,96.4,3.7,9,Healthy
85,Female,128.0,86.0,175.0,0,26.0,Never,None,High,0,0,1,0,0,0,1,0,143.2,17.3,1,Healthy
29,Female,144.0,53.0,95.0,1,25.1,Former,None,Low,0,0,0,0,0,1,0,0,94.1,9.1,5,Healthy
76,Male,129.0,90.0,141.0,0,27.2,Former,None,Medium,0,0,0,0,0,1,0,0,136.7,22.0,4,Healthy
54,Female,118.0,86.0,146.0,0,24.0,Never,Moderate,Medium,0,0,0,0,0,0,0,0,143.2,7.0,4,Healthy
78,Male,161.0,70.0,205.0,0,23.9,Never,None,Medium,0,0,0,0,1,0,0,0,127.0,22.7,9,Healthy
60,Male,136.0,80.0,187.0,1,17.5,Never,Moderate,Low,0,0,0,0,0,0,0,0,72.5,13.4,5,Healthy
87,Male,130.0,75.0,146.0,0,24.8,Never,Moderate,High,0,0,0,1,1,0,0,0,110.8,5.6,7,Healthy
56,Male,97.0,87.0,189.0,0,23.6,Never,None,High,1,0,0,0,1,0,0,1,103.9,15.6,4,Healthy
73,Male,97.0,85.0,220.0,0,23.4,Never,Moderate,Medium,1,1,0,0,0,0,0,1,95.1,2.0,7,Healthy
80,Male,125.0,61.0,221.0,1,28.1,Never,None,Low,0,1,0,0,0,0,0,0,114.3,9.4,4,Healthy
63,Female,123.0,81.0,124.0,0,29.3,Never,Moderate,Low,0,1,0,0,0,0,0,0,133.1,18.4,9,Healthy
28,Female,109.0,73.0,195.0,0,27.2,Current,None,Medium,1,0,0,0,0,0,0,0,96.2,2.0,5,Heart Disease
79,Male,123.0,76.0,145.0,1,31.0,Never,None,Low,0,0,0,0,0,0,1,0,104.9,2.0,7,Diabetes
42,Female,149.0,68.0,236.0,0,28.9,Current,Moderate,High,1,0,0,0,0,0,0,0,102.8,2.0,1,Heart Disease
88,Female,133.0,92.0,,1,,Current,High,Medium,1,0,1,1,0,0,0,0,,28.3,6,Diabetes
69,Male,99.0,85.0,164.0,1,23.7,Current,None,Medium,1,0,0,0,0,0,1,0,102.3,14.2,2,Heart Disease
21,Male,118.0,68.0,169.0,1,27.6,Current,Moderate,Medium,0,0,0,0,0,1,0,0,73.0,9.7,8,Healthy
76,Female,106.0,62.0,182.0,0,28.9,Never,None,Low,0,1,1,0,0,1,0,0,62.8,24.5,9,Healthy
89,Female,113.0,71.0,110.0,0,33.0,Never,Moderate,High,1,0,1,0,0,0,1,1,120.9,11.0,6,Healthy
37,Female,113.0,79.0,213.0,1,32.0,Never,Moderate,Medium,0,0,1,0,1,0,0,0,87.2,17.7,2,Diabetes
80,Male,111.0,77.0,189.0,1,23.3,Never,None,High,0,0,0,0,0,0,0,0,130.1,15.3,7,Diabetes
71,Male,97.0,88.0,239.0,0,25.5,Current,None,Medium,0,1,0,0,0,0,0,0,70.1,10.3,9,Healthy
74,Male,118.0,83.0,156.0,1,29.4,Current,None,Medium,0,0,0,0,0,0,0,0,93.8,17.9,1,Healthy
58,Male,110.0,85.0,175.0,0,31.3,Never,None,Low,1,0,0,0,0,0,0,0,70.1,22.7,9,Healthy
20,Male,67.0,78.0,140.0,0,30.7,Never,None,Medium,0,0,1,0,1,0,0,0,123.0,13.2,7,Healthy
23,Male,157.0,61.0,160.0,0,25.7,Never,Moderate,Medium,1,0,0,0,0,0,0,0,129.5,10.4,6,Heart Disease
22,Female,140.0,73.0,153.0,1,19.7,Never,High,Medium,1,0,1,0,1,0,0,0,120.2,11.6,4,Healthy
22,Female,113.0,86.0,240.0,0,21.0,Never,None,Medium,0,0,0,0,0,0,0,0,77.4,2.0,3,Healthy
71,Male,120.0,74.0,172.0,0,27.4,Never,Moderate,Low,0,1,0,0,1,0,0,0,87.6,17.8,9,Healthy
64,Female,99.0,80.0,,1,,Current,Moderate,High,1,0,1,0,0,0,0,0,,2.9,9,Heart Disease
66,Male,151.0,72.0,185.0,0,20.5,Never,High,High,0,0,1,0,1,0,0,0,60.0,21.3,0,Healthy
26,Male,154.0,65.0,149.0,0,26.2,Current,Moderate,Low,1,0,1,0,1,0,0,0,102.8,14.1,3,Heart Disease
37,Male,123.0,74.0,193.0,0,29.2,Former,Moderate,High,1,1,1,0,0,0,0,0,155.5,16.1,5,Healthy
78,Female,138.0,78.0,224.0,0,20.2,Current,None,Low,0,1,0,0,1,0,0,0,104.6,22.0,5,Healthy
52,Female,123.0,68.0,152.0,0,31.5,Never,None,Medium,1,0,0,0,0,0,0,0,65.3,5.7,1,Healthy
67,Female,96.0,73.0,232.0,1,24.1,Current,None,Low,0,1,1,0,0,0,0,1,91.8,18.7,8,Healthy
79,Male,113.0,66.0,166.0,0,32.3,Former,None,High,0,0,0,0,0,0,0,0,91.1,17.7,0,Healthy
34,Female,122.0,86.0,181.0,1,23.3,Never,None,Low,1,0,0,0,1,0,1,0,174.2,13.2,3,Diabetes
20,Male,112.0,72.0,221.0,0,20.9,Never,Moderate,Medium,1,0,0,0,0,0,0,0,160.0,5.7,3,Healthy
49,Female,116.0,90.0,173.0,0,23.7,Current,None,Medium,0,0,0,0,0,0,0,0,131.9,21.0,1,Healthy
30,Female,118.0,90.0,202.0,0,25.5,Never,Moderate,Low,0,0,0,0,0,0,0,0,99.7,22.0,7,Healthy
85,Male,119.0,74.0,187.0,0,24.1,Never,None,Medium,0,0,1,1,1,0,0,0,146.0,16.1,1,Healthy
31,Female,121.0,65.0,205.0,0,24.9,Never,High,Low,0,1,0,0,0,0,0,0,76.0,4.3,1,Healthy
28,Female,101.0,54.0,105.0,0,27.7,Former,Moderate,Medium,0,0,0,0,0,0,0,0,142.3,9.7,1,Healthy
73,Male,107.0,60.0,127.0,0,25.1,Current,None,High,0,0,1,0,0,0,0,0,137.8,14.4,0,Healthy
84,Female,97.0,61.0,225.0,0,25.7,Never,None,High,0,0,0,1,0,0,0,0,105.5,21.9,4,Healthy
46,Male,138.0,89.0,241.0,0,17.5,Never,Moderate,High,1,0,1,0,0,1,1,0,144.2,2.0,3,Heart Disease
26,Female,82.0,76.0,164.0,0,28.0,Current,None,Low,0,1,0,0,0,1,1,0,96.6,9.4,1,Healthy
84,Female,141.0,79.0,,1,,Former,None,Low,0,0,1,0,0,0,0,0,,11.0,0,Healthy
42,Female,145.0,53.0,212.0,0,34.1,Current,None,Medium,1,1,0,0,1,0,0,0,139.3,14.2,0,Diabetes
59,Female,115.0,63.0,228.0,0,21.3,Never,High,Low,1,0,0,0,0,0,1,0,107.4,2.0,1,Healthy
26,Female,73.0,84.0,119.0,1,17.0,Never,Moderate,High,1,0,1,0,0,1,0,0,128.1,12.8,0,Diabetes
57,Male,113.0,78.0,,1,,Never,Moderate,Low,0,0,1,0,0,0,0,0,,11.9,8,Diabetes
42,Female,119.0,74.0,187.0,0,27.7,Former,Moderate,High,0,0,0,0,0,0,0,0,88.3,4.6,1,Healthy
22,Male,102.0,81.0,228.0,0,21.0,Never,High,Low,0,0,1,0,0,0,0,0,105.7,13.8,2,Healthy
28,Female,111.0,91.0,300.0,0,18.4,Never,High,High,0,0,0,0,0,0,1,0,157.1,9.6,8,Healthy
76,Male,148.0,73.0,191.0,0,33.7,Never,High,Low,0,0,1,0,1,0,0,0,130.1,20.0,4,Diabetes
55,Male,132.0,76.0,144.0,1,33.1,Never,None,Low,0,0,0,0,0,0,0,0,89.0,6.1,7,Diabetes
89,Female,103.0,77.0,216.0,1,15.0,Current,None,Medium,0,0,0,0,0,0,0,0,81.3,15.9,6,Healthy
22,Male,91.0,99.0,253.0,0,23.7,Never,Moderate,Low,0,0,0,0,0,0,1,0,94.2,6.9,5,Healthy
65,Female,114.0,54.0,204.0,1,34.3,Former,Moderate,Medium,0,0,0,0,0,1,0,0,87.8,9.0,1,Diabetes
35,Male,116.0,82.0,,0,,Current,None,Medium,0,0,0,0,0,0,0,0,,18.0,3,Healthy
87,Male,129.0,74.0,238.0,0,23.5,Never,None,Low,0,0,0,0,1,0,1,1,112.4,17.3,8,Healthy
54,Female,110.0,81.0,227.0,1,24.6,Former,Moderate,High,0,0,0,1,0,0,0,0,118.4,10.8,6,Healthy
77,Male,129.0,68.0,159.0,0,20.4,Current,Moderate,Medium,0,1,0,0,0,0,0,0,84.8,12.3,2,Healthy
65,Male,155.0,75.0,215.0,1,17.5,Current,None,Medium,0,1,0,0,0,0,0,0,107.9,2.0,5,Heart Disease
45,Female,135.0,82.0,240.0,1,31.3,Never,Moderate,Medium,0,0,1,0,0,0,0,0,60.0,29.0,7,Diabetes
86,Male,119.0,106.0,247.0,0,16.8,Never,Moderate,Medium,0,0,0,0,0,1,0,0,114.4,21.9,7,Healthy
57,Female,117.0,83.0,197.0,0,27.2,Never,Moderate,Low,0,0,1,1,0,0,0,0,145.3,21.5,7,Healthy
62,Male,114.0,67.0,186.0,0,30.4,Former,None,Low,1,0,1,0,0,0,0,0,67.3,2.0,7,Healthy
79,Male,141.0,71.0,249.0,0,18.7,Former,None,Medium,0,1,0,0,0,0,0,1,124.5,9.0,9,Heart Disease
75,Female,109.0,70.0,152.0,0,21.4,Former,None,Medium,0,1,1,0,0,0,0,1,91.7,11.7,5,Healthy
84,Male,121.0,57.0,218.0,0,32.1,Never,None,Low,1,1,0,0,0,0,0,0,134.1,2.0,9,Diabetes
73,Male,121.0,72.0,145.0,1,28.7,Never,Moderate,Medium,0,0,0,0,1,0,1,0,114.8,23.9,2,Healthy
57,Male,111.0,82.0,243.0,0,22.9,Never,None,Medium,0,1,0,0,1,0,0,0,122.1,29.5,8,Healthy
57,Male,95.0,62.0,190.0,0,32.0,Never,High,Low,0,0,0,0,0,0,0,0,111.9,35.6,2,Diabetes
50,Female,126.0,85.0,251.0,0,32.0,Former,None,Low,1,0,1,1,0,0,0,0,149.8,4.5,3,Diabetes
23,Male,119.0,80.0,220.0,1,27.3,Never,None,Medium,0,0,0,0,0,1,0,1,120.4,16.2,9,Healthy
36,Female,129.0,68.0,151.0,0,21.5,Never,Moderate,Low,0,0,0,0,1,0,0,0,88.8,28.2,0,Healthy
57,Female,110.0,74.0,257.0,0,23.9,Never,Moderate,Low,0,0,1,0,0,0,0,0,113.0,12.5,1,Healthy
76,Male,142.0,91.0,262.0,1,27.4,Never,None,Low,0,0,0,0,0,0,0,0,98.9,9.3,5,Heart Disease
76,Female,104.0,82.0,235.0,0,25.1,Never,Moderate,High,0,0,0,0,0,1,0,0,114.9,2.0,0,Healthy
65,Male,151.0,75.0,170.0,0,30.7,Never,Moderate,Medium,1,1,0,0,0,0,0,0,97.4,26.3,8,Diabetes
58,Female,89.0,73.0,188.0,1,18.4,Never,Moderate,Low,0,0,1,0,0,0,0,0,89.7,14.8,7,Healthy
30,Male,128.0,76.0,206.0,0,18.5,Never,Moderate,Low,0,0,1,0,0,0,0,0,116.0,7.7,1,Healthy
62,Female,129.0,70.0,172.0,1,26.9,Never,None,Medium,0,0,0,0,0,0,0,0,111.7,17.8,1,Healthy
70,Female,106.0,54.0,268.0,0,23.5,Former,Moderate,Medium,0,0,0,0,0,0,0,0,141.9,16.5,7,Healthy
59,Male,128.0,95.0,206.0,0,22.9,Never,Moderate,Medium,1,1,0,0,0,0,0,0,97.6,16.7,7,Healthy
80,Female,143.0,77.0,92.0,1,17.2,Former,None,High,0,0,0,0,1,0,1,1,60.0,12.8,0,Healthy
44,Female,80.0,79.0,214.0,0,26.1,Former,None,Medium,0,0,1,0,0,0,1,0,99.1,31.2,4,Healthy
55,Male,129.0,74.0,186.0,1,25.7,Never,High,Low,0,1,0,0,0,0,0,0,61.2,13.7,1,Healthy
77,Male,75.0,68.0,197.0,1,29.3,Current,None,Medium,0,1,0,0,0,0,0,0,122.5,31.2,0,Diabetes
24,Female,103.0,73.0,185.0,1,26.3,Never,None,High,0,0,1,0,1,0,0,0,60.0,20.6,2,Healthy
22,Female,149.0,59.0,232.0,1,25.3,Former,High,Medium,1,0,1,0,0,0,0,0,80.3,18.5,2,Heart Disease
62,Female,110.0,98.0,245.0,0,31.9,Current,None,Medium,0,0,0,0,1,0,0,0,99.1,13.9,9,Heart Disease
75,Female,99.0,63.0,211.0,1,19.4,Current,None,Low,1,0,0,0,0,0,0,0,156.3,24.7,8,Diabetes
48,Female,116.0,65.0,186.0,0,28.7,Never,Moderate,Low,1,0,0,1,0,0,0,0,77.8,16.1,9,Healthy
40,Female,157.0,71.0,198.0,0,17.6,Never,Moderate,Medium,1,1,0,0,0,0,0,0,110.4,5.7,0,Heart Disease
59,Male,87.0,88.0,201.0,1,21.8,Never,None,High,0,0,0,0,0,0,1,0,127.4,5.3,1,Diabetes
27,Male,101.0,75.0,168.0,0,19.9,Former,Moderate,Medium,0,0,0,1,0,0,0,0,154.5,19.2,8,Healthy
49,Female,147.0,63.0,223.0,0,29.9,Former,Moderate,Medium,1,0,1,1,0,0,0,0,133.3,5.9,4,Heart Disease
70,Female,153.0,88.0,218.0,0,25.7,Never,Moderate,Low,1,0,1,0,0,1,0,0,142.8,14.4,8,Heart Disease
47,Male,118.0,82.0,262.0,0,25.9,Never,None,Low,1,1,0,0,0,0,0,0,135.9,25.6,5,Diabetes
56,Male,98.0,80.0,250.0,1,20.5,Former,None,Medium,0,0,0,1,0,0,1,0,73.7,18.0,9,Healthy
48,Female,158.0,82.0,173.0,0,24.5,Never,None,Low,0,0,1,0,0,0,0,0,120.8,7.8,9,Healthy
19,Female,149.0,99.0,233.0,0,22.2,Current,Moderate,Medium,1,0,1,0,0,0,0,0,135.5,29.1,2,Diabetes
29,Male,132.0,97.0,162.0,1,27.9,Former,Moderate,Low,0,0,1,0,0,0,0,0,81.3,20.5,7,Healthy
56,Male,105.0,68.0,228.0,0,21.0,Never,High,Medium,0,1,0,0,0,0,0,0,92.6,25.2,8,Healthy
83,Male,119.0,91.0,179.0,0,32.6,Former,Moderate,High,0,0,0,0,0,0,0,0,85.9,2.0,1,Healthy
30,Male,117.0,79.0,159.0,0,17.6,Never,Moderate,Medium,0,0,1,0,0,0,0,0,133.2,18.3,8,Healthy
63,Male,126.0,80.0,211.0,0,22.0,Never,None,Low,0,0,0,0,0,0,0,0,107.9,23.4,3,Healthy
44,Male,146.0,58.0,93.0,0,34.4,Current,Moderate,Medium,0,0,0,0,1,0,0,1,100.4,32.0,7,Diabetes
34,Female,136.0,73.0,130.0,1,23.8,Current,Moderate,High,0,0,0,0,0,0,0,0,71.5,2.0,4,Healthy
77,Male,101.0,67.0,193.0,0,19.4,Never,Moderate,Medium,0,0,1,0,0,0,0,0,108.0,27.1,5,Healthy
81,Female,145.0,83.0,203.0,1,27.1,Never,None,Low,0,1,0,0,0,0,0,0,93.0,31.4,3,Diabetes
52,Female,126.0,86.0,185.0,1,23.6,Never,High,Low,0,0,1,0,0,0,0,0,117.3,2.0,4,Healthy
87,Male,132.0,54.0,137.0,0,21.8,Never,None,Low,1,0,0,0,0,0,0,0,75.7,19.8,0,Healthy
47,Female,146.0,75.0,167.0,0,20.5,Never,None,Low,0,1,1,0,0,0,0,0,115.3,21.2,2,Healthy
88,Male,100.0,86.0,216.0,0,39.8,Never,Moderate,High,0,0,0,0,0,0,0,0,96.8,11.7,3,Healthy
80,Female,119.0,73.0,223.0,0,24.7,Never,Moderate,High,1,0,0,0,0,0,0,0,72.5,10.1,0,Healthy
45,Male,110.0,82.0,199.0,1,16.4,Never,None,Low,1,1,1,0,0,0,0,0,70.2,21.7,2,Healthy
77,Female,92.0,79.0,246.0,0,33.5,Never,Moderate,Low,0,0,1,0,0,0,0,0,74.7,8.9,3,Healthy
54,Female,126.0,78.0,216.0,0,29.1,Current,None,Low,0,0,1,0,0,0,0,0,103.8,12.8,8,Healthy
39,Male,165.0,72.0,170.0,0,22.2,Former,None,High,0,0,0,0,0,0,0,0,113.6,23.1,2,Healthy
85,Male,87.0,63.0,189.0,0,21.3,Never,None,Medium,0,0,0,0,0,0,1,0,118.1,32.5,2,Healthy
37,Female,119.0,64.0,144.0,0,29.4,Never,Moderate,Medium,1,0,0,0,0,0,0,0,119.2,20.4,3,Healthy
85,Female,132.0,82.0,196.0,0,24.8,Never,High,Medium,1,0,0,0,0,0,0,0,87.2,16.3,8,Healthy
81,Male,122.0,75.0,244.0,0,16.4,Never,Moderate,Medium,1,0,1,0,0,0,1,0,141.8,9.8,8,Heart Disease
34,Female,118.0,74.0,227.0,0,34.9,Never,High,Low,0,1,0,0,0,1,1,0,96.7,4.9,0,Healthy
29,Male,97.0,71.0,256.0,0,23.8,Current,None,Low,0,0,0,0,0,0,0,0,123.5,26.1,7,Heart Disease
39,Female,124.0,72.0,188.0,1,33.5,Former,None,Medium,1,0,0,0,0,0,1,0,105.1,13.5,9,Diabetes
34,Male,106.0,85.0,254.0,0,32.4,Former,Moderate,Medium,0,0,0,0,0,0,1,1,121.3,26.5,0,Diabetes
27,Female,81.0,72.0,192.0,0,21.0,Never,None,Low,0,0,1,0,0,0,0,0,103.6,11.7,1,Healthy
82,Male,142.0,62.0,259.0,0,31.2,Current,Moderate,Low,1,0,0,0,0,0,0,0,121.8,8.5,9,Heart Disease
39,Male,137.0,82.0,199.0,0,22.7,Current,Moderate,Low,0,1,0,1,0,0,0,0,109.8,19.2,4,Healthy
67,Male,121.0,73.0,228.0,1,16.7,Never,High,Medium,0,0,1,0,0,0,0,0,134.4,14.2,5,Diabetes
31,Male,124.0,75.0,259.0,0,23.9,Never,None,Medium,1,0,0,0,0,0,0,0,85.4,2.9,1,Heart Disease
81,Female,139.0,91.0,192.0,0,28.0,Never,None,High,0,0,0,0,0,0,0,0,60.0,33.2,9,Healthy
64,Male,124.0,75.0,209.0,1,23.7,Never,Moderate,Low,0,0,0,0,0,0,0,0,80.8,8.7,4,Healthy
46,Female,136.0,78.0,252.0,1,24.5,Former,None,Low,0,0,0,0,0,1,0,0,142.1,24.3,2,Diabetes
53,Male,115.0,63.0,195.0,0,31.7,Never,Moderate,Low,0,0,0,1,0,0,1,0,105.4,23.4,6,Healthy
69,Male,144.0,73.0,147.0,0,26.5,Never,None,Medium,0,1,0,0,1,0,0,0,112.8,2.4,0,Healthy
24,Male,126.0,81.0,286.0,1,21.8,Never,None,Medium,0,0,0,0,0,0,0,0,78.4,5.0,4,Healthy
46,Male,123.0,59.0,181.0,0,29.5,Never,None,Medium,0,1,0,0,0,0,0,0,112.0,12.0,2,Healthy
28,Male,97.0,77.0,206.0,1,27.0,Current,None,Low,1,1,0,0,0,0,0,0,79.3,6.3,1,Heart Disease
50,Male,125.0,76.0,246.0,1,15.0,Never,Moderate,Medium,0,1,0,0,0,0,0,0,83.7,32.3,2,Diabetes
23,Female,105.0,75.0,176.0,1,28.1,Former,None,High,1,0,1,0,0,0,0,0,97.9,13.0,9,Healthy
49,Male,109.0,85.0,160.0,0,28.0,Never,None,High,0,1,0,1,0,0,0,1,123.4,23.9,3,Healthy
68,Female,105.0,78.0,,1,,Never,None,High,0,0,1,0,1,0,1,0,,20.1,1,Diabetes
75,Female,101.0,90.0,128.0,0,30.5,Never,None,Medium,0,0,0,0,0,0,0,0,127.4,17.6,1,Diabetes
43,Male,158.0,65.0,188.0,1,22.6,Former,None,High,0,0,0,0,0,0,1,1,62.4,15.4,2,Healthy
63,Male,144.0,76.0,210.0,0,27.7,Never,None,Low,1,1,0,0,0,0,0,0,109.8,27.4,1,Heart Disease
46,Female,155.0,76.0,189.0,0,18.2,Never,Moderate,Low,0,0,1,0,0,0,0,1,104.1,6.7,5,Healthy
21,Female,98.0,64.0,138.0,0,28.0,Never,Moderate,Low,0,0,0,0,0,0,0,0,64.0,32.3,1,Healthy
30,Female,121.0,85.0,264.0,0,35.8,Never,Moderate,Medium,0,0,0,0,0,0,1,0,110.5,2.1,0,Healthy
56,Male,97.0,98.0,204.0,0,21.0,Current,Moderate,High,0,0,1,1,1,0,0,0,102.5,22.8,7,Healthy
32,Female,107.0,75.0,257.0,1,22.2,Never,None,Low,0,0,1,0,0,0,1,0,125.3,2.0,9,Healthy
46,Female,103.0,80.0,190.0,0,22.4,Never,Moderate,Medium,0,1,0,0,0,0,1,1,112.4,11.8,3,Healthy
46,Female,142.0,76.0,165.0,1,26.6,Never,Moderate,Medium,0,0,1,0,0,0,0,0,93.5,15.9,1,Healthy
49,Female,113.0,68.0,211.0,0,20.7,Current,None,High,0,1,1,0,0,1,0,0,137.8,10.1,3,Healthy
19,Male,139.0,57.0,191.0,0,28.1,Never,Moderate,Medium,0,0,0,1,0,0,0,0,60.0,13.2,1,Healthy
64,Male,131.0,68.0,153.0,0,30.2,Former,None,High,0,1,0,1,0,0,0,0,108.1,2.0,4,Healthy
39,Female,161.0,61.0,,0,,Current,None,Low,0,0,0,0,0,0,0,0,,5.1,6,Heart Disease
44,Female,93.0,92.0,175.0,1,17.2,Never,Moderate,Low,0,0,0,0,0,0,0,0,82.6,20.0,5,Healthy
84,Male,143.0,74.0,126.0,0,31.0,Never,None,Medium,1,0,1,1,0,0,0,0,125.7,15.3,1,Heart Disease
73,Male,141.0,72.0,253.0,0,30.7,Never,None,Low,1,0,0,0,0,1,0,0,71.8,8.1,3,Heart Disease
38,Male,102.0,84.0,180.0,0,30.2,Current,None,Low,1,0,0,0,1,0,0,0,67.3,28.2,7,Diabetes
64,Male,138.0,64.0,176.0,1,27.9,Never,None,Medium,0,0,1,0,0,0,0,0,181.5,2.8,6,Diabetes
76,Female,126.0,67.0,129.0,0,27.1,Never,None,Medium,1,0,0,0,0,0,1,0,69.2,11.4,6,Healthy
23,Female,116.0,76.0,270.0,0,31.2,Former,Moderate,Medium,0,0,1,0,0,0,0,1,159.5,9.9,3,Diabetes
36,Male,105.0,85.0,148.0,0,35.6,Never,Moderate,Low,1,0,1,0,0,0,0,0,104.8,21.2,0,Healthy
74,Male,107.0,80.0,202.0,0,21.2,Never,Moderate,Medium,0,0,1,0,0,0,0,0,94.3,15.5,6,Healthy
86,Male,157.0,77.0,237.0,0,31.4,Never,None,Low,0,0,1,0,0,0,1,0,127.0,13.9,5,Diabetes
20,Male,120.0,76.0,217.0,1,25.6,Never,High,Low,0,0,0,0,0,0,1,1,150.1,2.0,7,Diabetes
18,Female,134.0,79.0,198.0,0,25.4,Never,Moderate,Medium,0,0,0,0,0,0,0,0,75.6,23.7,4,Healthy
75,Female,106.0,77.0,132.0,0,18.3,Never,None,Low,1,1,0,0,0,0,0,0,94.7,12.8,7,Healthy
55,Female,106.0,65.0,168.0,0,24.6,Current,Moderate,Low,1,0,0,0,0,0,0,1,135.4,16.2,9,Heart Disease
32,Male,139.0,75.0,208.0,0,21.0,Never,Moderate,Medium,1,0,0,1,0,1,0,0,118.6,7.5,7,Healthy
51,Female,96.0,64.0,169.0,0,23.7,Current,Moderate,Low,0,0,0,0,0,0,0,0,143.1,5.9,8,Healthy
78,Female,113.0,76.0,208.0,1,20.5,Former,None,High,0,0,1,1,1,0,0,0,125.5,30.0,0,Diabetes
52,Female,121.0,70.0,227.0,1,23.8,Never,None,Medium,0,0,1,0,0,0,0,0,164.2,2.0,2,Diabetes
81,Male,122.0,100.0,239.0,1,24.0,Former,Moderate,High,1,0,0,0,1,0,0,0,115.4,4.5,5,Healthy
42,Male,117.0,75.0,151.0,1,26.5,Never,Moderate,Low,0,0,0,0,0,0,0,0,116.7,29.8,3,Diabetes
41,Male,127.0,61.0,288.0,0,17.9,Current,Moderate,Medium,1,1,0,0,1,0,0,0,119.7,21.4,7,Heart Disease
29,Male,132.0,74.0,231.0,0,18.8,Current,Moderate,Low,0,0,1,1,0,0,0,0,105.7,11.7,9,Healthy
35,Male,133.0,80.0,200.0,0,27.8,Never,Moderate,High,0,0,0,0,0,0,0,1,135.4,27.5,0,Diabetes
32,Male,102.0,92.0,244.0,0,22.0,Never,None,Low,1,0,0,0,0,0,0,0,117.1,19.5,4,Heart Disease
44,Female,115.0,69.0,295.0,0,31.4,Never,Moderate,Low,0,1,0,0,0,0,0,0,133.6,17.3,3,Diabetes
89,Female,142.0,59.0,142.0,0,27.1,Never,None,High,0,0,0,1,0,0,0,1,138.3,17.3,0,Healthy
77,Male,136.0,83.0,191.0,0,29.0,Never,Moderate,Low,0,0,1,0,0,0,0,0,122.9,19.7,9,Healthy
63,Male,95.0,61.0,105.0,1,33.1,Never,Moderate,Low,1,0,0,0,0,0,1,0,125.1,20.1,5,Diabetes
34,Female,126.0,71.0,208.0,1,24.5,Former,None,Low,0,0,0,0,0,0,1,0,79.7,37.0,9,Diabetes
70,Female,84.0,72.0,215.0,1,23.1,Never,Moderate,Medium,0,1,1,0,0,1,0,0,93.5,13.1,2,Healthy
25,Female,121.0,74.0,198.0,0,30.4,Current,None,Low,0,0,1,0,0,0,0,0,135.3,13.4,4,Diabetes
44,Female,154.0,82.0,174.0,0,28.5,Current,None,Medium,0,0,1,0,0,0,0,0,152.7,2.6,5,Heart Disease
63,Female,103.0,68.0,118.0,0,25.1,Never,None,Low,0,0,0,0,0,0,1,0,60.0,14.5,3,Healthy
67,Female,105.0,72.0,215.0,0,33.0,Current,None,Medium,0,0,0,0,0,0,0,0,93.0,33.6,9,Diabetes
88,Male,134.0,75.0,258.0,0,24.9,Never,None,Medium,1,0,0,1,1,0,0,0,110.7,24.8,9,Heart Disease
20,Male,92.0,76.0,176.0,0,26.2,Never,None,Medium,1,0,0,0,0,0,0,0,83.6,9.6,5,Healthy
81,Male,109.0,76.0,,0,,Former,Moderate,Medium,0,0,0,0,0,0,1,0,,15.3,6,Healthy
61,Male,131.0,79.0,137.0,0,21.3,Never,Moderate,Low,1,0,0,0,0,0,0,0,124.2,2.0,1,Healthy
70,Male,109.0,83.0,218.0,0,26.4,Never,Moderate,Low,0,0,0,0,0,1,0,0,157.4,5.3,6,Healthy
41,Female,116.0,79.0,184.0,0,33.0,Current,None,Low,0,0,1,0,0,0,0,1,60.0,16.5,6,Healthy
77,Female,133.0,80.0,170.0,0,28.2,Current,High,Medium,0,0,0,0,0,0,0,1,104.9,10.1,1,Healthy
20,Female,128.0,59.0,170.0,0,26.2,Former,Moderate,Medium,0,0,1,0,0,0,0,0,123.9,4.6,2,Healthy
37,Male,125.0,76.0,184.0,0,25.2,Former,None,High,0,0,0,0,0,0,0,1,133.4,19.9,2,Healthy
63,Female,114.0,80.0,215.0,0,27.7,Never,Moderate,Low,0,0,0,0,0,0,0,1,119.6,14.2,0,Healthy
32,Female,127.0,82.0,148.0,0,29.7,Never,None,Medium,1,0,0,0,0,0,0,0,162.8,2.0,0,Healthy
42,Male,118.0,68.0,184.0,1,29.0,Former,Moderate,Medium,0,1,1,0,0,0,0,0,110.9,2.0,9,Healthy
88,Female,128.0,68.0,198.0,1,24.3,Never,None,Medium,0,0,0,1,1,0,0,1,149.4,9.3,5,Diabetes
34,Male,111.0,69.0,156.0,0,27.6,Never,None,High,0,1,1,0,0,0,0,0,90.6,2.0,8,Healthy
26,Male,117.0,80.0,272.0,0,28.4,Never,Moderate,Low,0,1,0,0,1,0,0,0,111.7,2.0,8,Healthy
55,Female,102.0,85.0,,0,,Former,None,Low,0,0,1,0,0,0,0,0,,26.3,0,Healthy
65,Male,119.0,71.0,173.0,0,26.8,Never,None,Medium,0,0,0,0,0,0,0,0,137.0,14.0,6,Healthy
77,Male,105.0,84.0,161.0,0,15.2,Former,High,Low,1,0,1,1,0,0,0,0,106.4,12.3,5,Healthy
80,Female,100.0,76.0,272.0,0,28.4,Never,High,Low,1,0,0,0,0,0,0,0,120.7,13.1,3,Heart Disease
19,Female,125.0,74.0,222.0,0,29.3,Never,Moderate,Low,0,1,1,0,0,0,0,0,100.6,3.6,2,Healthy
89,Male,124.0,73.0,163.0,0,29.7,Never,None,Low,0,0,0,0,0,0,1,0,127.6,19.1,8,Healthy
28,Male,134.0,82.0,244.0,1,24.0,Never,None,Medium,1,0,0,0,0,0,0,1,121.9,13.7,9,Heart Disease
81,Male,112.0,78.0,208.0,0,27.5,Current,Moderate,Low,0,0,1,0,0,1,0,0,80.2,7.4,4,Healthy
89,Female,127.0,98.0,210.0,1,33.1,Never,None,Medium,0,1,0,0,0,0,0,0,81.9,8.9,7,Diabetes
38,Male,130.0,66.0,186.0,0,33.1,Never,None,Medium,0,0,0,0,0,0,0,0,109.2,2.7,3,Healthy
35,Male,128.0,80.0,170.0,0,25.9,Never,Moderate,Medium,0,0,1,0,0,0,0,0,129.8,10.9,3,Healthy
81,Female,105.0,70.0,214.0,1,26.7,Never,None,High,1,0,0,0,0,0,0,1,165.9,12.6,5,Diabetes
55,Female,123.0,66.0,178.0,1,31.6,Never,None,Low,0,0,0,1,0,1,0,0,119.1,10.7,5,Diabetes
49,Male,127.0,75.0,273.0,0,18.5,Never,None,High,0,0,0,0,1,1,0,0,140.2,15.6,2,Healthy
28,Female,120.0,76.0,149.0,0,24.4,Current,None,Medium,0,0,1,0,0,0,0,0,61.6,14.2,1,Healthy
62,Female,82.0,104.0,261.0,0,32.7,Former,None,Medium,0,0,0,0,1,0,0,0,170.4,17.3,8,Diabetes
50,Male,123.0,73.0,196.0,0,30.9,Never,None,Medium,1,0,0,0,0,0,0,0,128.2,24.4,1,Diabetes
58,Male,160.0,64.0,212.0,1,27.8,Never,None,Medium,0,0,1,0,0,0,0,0,108.5,20.9,8,Healthy
25,Female,114.0,78.0,233.0,1,18.5,Never,Moderate,High,0,0,1,0,0,0,0,0,105.1,24.5,7,Healthy
28,Male,107.0,54.0,175.0,0,25.8,Never,Moderate,High,1,0,1,0,0,0,0,0,76.8,6.5,9,Healthy
68,Female,127.0,74.0,,0,,Former,None,Low,0,0,1,0,0,0,0,1,,9.9,6,Healthy
58,Male,126.0,75.0,92.0,0,27.7,Current,Moderate,Low,0,0,0,0,0,1,0,0,167.3,21.5,4,Healthy
34,Male,141.0,83.0,171.0,0,22.0,Never,None,Medium,0,0,0,0,0,0,1,0,80.3,21.7,2,Healthy
63,Male,97.0,85.0,163.0,1,20.9,Current,None,High,0,0,0,0,0,0,1,0,79.8,8.2,1,Healthy
49,Male,133.0,70.0,150.0,1,15.7,Never,None,Low,0,0,1,0,1,0,1,0,88.9,21.1,7,Healthy
71,Male,131.0,73.0,191.0,0,32.1,Never,Moderate,Medium,0,0,1,0,1,0,1,0,74.1,5.6,1,Healthy
37,Male,117.0,67.0,215.0,0,24.0,Never,Moderate,Medium,0,0,1,0,0,0,0,1,110.5,19.8,7,Healthy
50,Female,126.0,64.0,228.0,0,26.8,Never,Moderate,Medium,1,0,0,0,0,0,0,0,142.7,14.7,4,Breast Cancer
57,Female,139.0,78.0,210.0,0,26.0,Current,None,Medium,0,0,0,1,0,0,0,0,91.7,2.0,8,Healthy
49,Female,136.0,62.0,173.0,1,20.7,Never,None,Medium,0,0,0,0,0,0,0,0,68.8,10.7,3,Healthy
19,Female,99.0,71.0,215.0,0,19.7,Never,Moderate,High,0,0,0,1,0,0,0,0,118.8,36.8,7,Healthy
50,Male,135.0,65.0,205.0,0,21.0,Current,None,Medium,1,1,1,0,0,1,0,0,108.3,17.0,6,Heart Disease
47,Female,119.0,80.0,237.0,0,22.4,Current,Moderate,Medium,0,0,0,0,0,0,1,0,140.1,38.0,7,Diabetes
50,Male,121.0,93.0,231.0,1,27.8,Former,Moderate,Low,1,0,0,0,0,1,0,0,96.4,2.0,4,Healthy
43,Female,121.0,62.0,201.0,0,22.0,Current,Moderate,Medium,0,1,1,0,0,1,1,0,102.2,22.5,1,Healthy
39,Female,117.0,56.0,164.0,1,34.7,Never,High,Low,1,0,0,1,0,1,0,0,105.5,2.0,6,Diabetes
83,Female,141.0,74.0,174.0,1,31.1,Current,High,Low,0,1,0,0,0,1,0,0,112.7,15.0,2,Diabetes
55,Female,118.0,75.0,178.0,1,30.0,Former,Moderate,Medium,0,0,0,0,1,0,0,0,98.2,21.3,9,Healthy
63,Female,100.0,77.0,,0,,Current,Moderate,Medium,0,0,1,0,0,1,0,0,,23.4,9,Healthy
32,Male,113.0,71.0,211.0,0,33.6,Former,None,Medium,1,0,1,0,0,0,0,0,60.0,7.0,9,Healthy
61,Male,123.0,73.0,229.0,0,24.9,Never,High,Low,0,0,0,0,0,0,0,0,93.0,25.4,9,Healthy
66,Female,142.0,79.0,198.0,0,25.8,Former,None,Medium,0,0,0,0,0,0,0,0,131.5,9.7,1,Healthy
78,Male,131.0,85.0,201.0,0,26.8,Never,None,Medium,0,0,0,0,0,0,0,0,135.5,13.4,2,Healthy
84,Female,105.0,55.0,206.0,0,29.5,Never,None,Medium,1,0,0,0,0,0,0,0,95.9,10.7,3,Healthy
23,Female,165.0,71.0,179.0,0,29.2,Never,None,Low,1,1,0,0,0,0,1,0,149.0,3.6,9,Heart Disease
26,Male,125.0,77.0,163.0,1,23.6,Current,Moderate,Medium,0,0,0,0,0,0,0,0,109.1,30.7,6,Diabetes
23,Female,143.0,66.0,130.0,0,23.3,Never,Moderate,High,0,0,0,0,0,0,0,0,69.9,15.5,9,Healthy
49,Female,117.0,92.0,172.0,0,29.2,Never,None,Low,0,0,1,0,0,0,0,1,60.4,25.9,0,Healthy
58,Female,130.0,69.0,219.0,1,29.6,Never,None,Low,1,0,0,0,0,0,0,0,146.5,25.4,5,Diabetes
25,Female,135.0,75.0,172.0,1,24.0,Current,High,Medium,1,0,0,1,0,0,0,1,98.8,5.3,5,Heart Disease
89,Female,142.0,81.0,190.0,1,18.1,Never,Moderate,Medium,0,0,0,0,0,0,0,0,73.6,27.2,7,Diabetes
67,Female,139.0,69.0,219.0,1,25.0,Former,Moderate,Medium,0,0,0,1,0,0,1,0,60.0,20.0,1,Healthy
79,Female,136.0,57.0,221.0,1,29.1,Current,None,Medium,1,0,0,0,0,0,0,0,98.1,4.6,1,Heart Disease
79,Male,114.0,71.0,157.0,0,35.0,Never,Moderate,Low,1,1,0,0,0,0,1,0,122.1,19.5,0,Healthy
24,Male,110.0,85.0,240.0,0,20.0,Never,None,Low,0,0,1,0,0,0,0,0,89.1,4.8,2,Healthy
21,Female,126.0,72.0,245.0,0,23.9,Former,None,Low,0,0,1,0,1,0,0,0,78.4,31.1,6,Healthy
23,Male,137.0,67.0,155.0,0,24.1,Current,None,Low,0,0,1,0,0,0,0,0,93.5,23.1,7,Healthy
75,Female,116.0,84.0,167.0,0,32.8,Former,None,Medium,0,0,0,0,0,0,0,0,147.3,14.3,6,Diabetes
39,Female,139.0,72.0,248.0,0,25.8,Never,None,Low,0,0,1,1,0,1,0,1,68.2,27.6,8,Healthy
43,Male,146.0,70.0,,0,,Current,High,High,0,0,0,0,0,0,0,0,,2.0,7,Heart Disease
20,Female,104.0,76.0,111.0,0,28.8,Never,None,High,0,1,1,0,0,0,0,0,146.3,7.5,7,Healthy
58,Female,105.0,83.0,144.0,0,24.0,Never,None,High,0,0,0,0,0,0,0,1,124.8,12.5,1,Healthy
77,Female,117.0,99.0,190.0,1,19.9,Current,None,High,0,0,0,1,0,0,0,0,115.4,37.4,0,Diabetes
31,Male,126.0,83.0,153.0,0,21.5,Never,None,Medium,0,0,0,0,1,1,0,0,90.5,4.3,5,Healthy
29,Male,111.0,87.0,183.0,1,34.7,Former,Moderate,High,1,0,1,0,1,0,0,0,110.9,2.0,6,Diabetes
29,Male,144.0,70.0,201.0,0,27.9,Never,None,Low,0,0,1,0,0,0,0,0,93.9,2.0,5,Healthy
30,Female,128.0,65.0,258.0,1,26.5,Current,Moderate,Low,0,0,1,0,0,0,0,0,84.2,24.1,6,Heart Disease
42,Male,121.0,76.0,188.0,1,24.8,Never,None,Medium,0,0,0,0,0,0,0,0,77.6,9.1,7,Healthy
